-- ============================================================
-- MES-RTM data import script (INSERT IGNORE, explicit columns)
-- Column counts verified against actual DESC results
-- Generated columns excluded (e.g. smt_bom.ActiveProductKey)
-- Safe to re-run (idempotent via INSERT IGNORE)
-- ============================================================

SET NAMES utf8mb4;
SET FOREIGN_KEY_CHECKS = 0;

-- smt_product_types (4 rows)
INSERT IGNORE INTO `smt_product_types` (`Id`, `TypeCode`, `TypeName`, `CreatedAt`, `CreatedBy`, `UpdatedAt`, `UpdatedBy`, `IsDeleted`, `LastOperationType`, `LastOperationRemark`) VALUES (1, 'CONSUMER', '消费电子', '2026-06-19 18:35:32.970', 'system', '2026-06-19 18:35:32.970', 'system', b'0', 1, NULL);
INSERT IGNORE INTO `smt_product_types` (`Id`, `TypeCode`, `TypeName`, `CreatedAt`, `CreatedBy`, `UpdatedAt`, `UpdatedBy`, `IsDeleted`, `LastOperationType`, `LastOperationRemark`) VALUES (2, 'AUTO', '汽车电子', '2026-06-19 18:35:32.970', 'system', '2026-06-19 18:35:32.970', 'system', b'0', 1, NULL);
INSERT IGNORE INTO `smt_product_types` (`Id`, `TypeCode`, `TypeName`, `CreatedAt`, `CreatedBy`, `UpdatedAt`, `UpdatedBy`, `IsDeleted`, `LastOperationType`, `LastOperationRemark`) VALUES (3, 'INDUSTRIAL', '工业控制', '2026-06-19 18:35:32.970', 'system', '2026-06-19 18:35:32.970', 'system', b'0', 1, NULL);
INSERT IGNORE INTO `smt_product_types` (`Id`, `TypeCode`, `TypeName`, `CreatedAt`, `CreatedBy`, `UpdatedAt`, `UpdatedBy`, `IsDeleted`, `LastOperationType`, `LastOperationRemark`) VALUES (11, 'TAPI-PT', '测试主板类型', '2026-06-21 21:32:10.709', 'test', '2026-06-21 21:32:10.709', 'test', b'0', 1, NULL);

-- smt_material_types (4 rows)
INSERT IGNORE INTO `smt_material_types` (`Id`, `TypeCode`, `TypeName`, `CreatedAt`, `CreatedBy`, `UpdatedAt`, `UpdatedBy`, `IsDeleted`, `LastOperationType`, `LastOperationRemark`) VALUES (1, 'RESISTOR', '电阻', '2026-06-19 18:35:32.984', 'system', '2026-06-19 18:35:32.984', 'system', b'0', 1, NULL);
INSERT IGNORE INTO `smt_material_types` (`Id`, `TypeCode`, `TypeName`, `CreatedAt`, `CreatedBy`, `UpdatedAt`, `UpdatedBy`, `IsDeleted`, `LastOperationType`, `LastOperationRemark`) VALUES (2, 'CAPACITOR', '电容', '2026-06-19 18:35:32.984', 'system', '2026-06-19 18:35:32.984', 'system', b'0', 1, NULL);
INSERT IGNORE INTO `smt_material_types` (`Id`, `TypeCode`, `TypeName`, `CreatedAt`, `CreatedBy`, `UpdatedAt`, `UpdatedBy`, `IsDeleted`, `LastOperationType`, `LastOperationRemark`) VALUES (3, 'IC-CHIP', '集成电路', '2026-06-19 18:35:32.984', 'system', '2026-06-19 18:35:32.984', 'system', b'0', 1, NULL);
INSERT IGNORE INTO `smt_material_types` (`Id`, `TypeCode`, `TypeName`, `CreatedAt`, `CreatedBy`, `UpdatedAt`, `UpdatedBy`, `IsDeleted`, `LastOperationType`, `LastOperationRemark`) VALUES (15, 'TAPI-MT', '测试SMD元件', '2026-06-21 21:32:10.757', 'test', '2026-06-21 21:32:10.757', 'test', b'0', 1, NULL);

-- smt_package_types (9 rows) - package type dictionary for FK refs
INSERT IGNORE INTO `smt_package_types` (`Id`, `PackageCode`, `PackageName`, `Category`, `SizeLength`, `SizeWidth`, `SizeHeight`, `CreatedAt`, `CreatedBy`, `UpdatedAt`, `UpdatedBy`, `IsDeleted`, `LastOperationType`, `LastOperationRemark`) VALUES (1, '0201', '0201 Chip', 'Chip', 0.600, 0.300, 0.230, '2026-06-19 18:35:32.993', 'system', '2026-06-19 18:35:32.993', 'system', b'0', 1, NULL);
INSERT IGNORE INTO `smt_package_types` (`Id`, `PackageCode`, `PackageName`, `Category`, `SizeLength`, `SizeWidth`, `SizeHeight`, `CreatedAt`, `CreatedBy`, `UpdatedAt`, `UpdatedBy`, `IsDeleted`, `LastOperationType`, `LastOperationRemark`) VALUES (2, '0402', '0402 Chip', 'Chip', 1.000, 0.500, 0.350, '2026-06-19 18:35:32.993', 'system', '2026-06-19 18:35:32.993', 'system', b'0', 1, NULL);
INSERT IGNORE INTO `smt_package_types` (`Id`, `PackageCode`, `PackageName`, `Category`, `SizeLength`, `SizeWidth`, `SizeHeight`, `CreatedAt`, `CreatedBy`, `UpdatedAt`, `UpdatedBy`, `IsDeleted`, `LastOperationType`, `LastOperationRemark`) VALUES (3, '0603', '0603 Chip', 'Chip', 1.600, 0.800, 0.450, '2026-06-19 18:35:32.993', 'system', '2026-06-19 18:35:32.993', 'system', b'0', 1, NULL);
INSERT IGNORE INTO `smt_package_types` (`Id`, `PackageCode`, `PackageName`, `Category`, `SizeLength`, `SizeWidth`, `SizeHeight`, `CreatedAt`, `CreatedBy`, `UpdatedAt`, `UpdatedBy`, `IsDeleted`, `LastOperationType`, `LastOperationRemark`) VALUES (4, '0805', '0805 Chip', 'Chip', 2.000, 1.250, 0.500, '2026-06-19 18:35:32.993', 'system', '2026-06-19 18:35:32.993', 'system', b'0', 1, NULL);
INSERT IGNORE INTO `smt_package_types` (`Id`, `PackageCode`, `PackageName`, `Category`, `SizeLength`, `SizeWidth`, `SizeHeight`, `CreatedAt`, `CreatedBy`, `UpdatedAt`, `UpdatedBy`, `IsDeleted`, `LastOperationType`, `LastOperationRemark`) VALUES (5, '1206', '1206 Chip', 'Chip', 3.200, 1.600, 0.550, '2026-06-19 18:35:32.993', 'system', '2026-06-19 18:35:32.993', 'system', b'0', 1, NULL);
INSERT IGNORE INTO `smt_package_types` (`Id`, `PackageCode`, `PackageName`, `Category`, `SizeLength`, `SizeWidth`, `SizeHeight`, `CreatedAt`, `CreatedBy`, `UpdatedAt`, `UpdatedBy`, `IsDeleted`, `LastOperationType`, `LastOperationRemark`) VALUES (6, 'QFP', 'QFP IC', 'IC', 7.000, 7.000, 1.400, '2026-06-19 18:35:32.993', 'system', '2026-06-19 18:35:32.993', 'system', b'0', 1, NULL);
INSERT IGNORE INTO `smt_package_types` (`Id`, `PackageCode`, `PackageName`, `Category`, `SizeLength`, `SizeWidth`, `SizeHeight`, `CreatedAt`, `CreatedBy`, `UpdatedAt`, `UpdatedBy`, `IsDeleted`, `LastOperationType`, `LastOperationRemark`) VALUES (7, 'QFN', 'QFN IC', 'IC', 5.000, 5.000, 0.900, '2026-06-19 18:35:32.993', 'system', '2026-06-19 18:35:32.993', 'system', b'0', 1, NULL);
INSERT IGNORE INTO `smt_package_types` (`Id`, `PackageCode`, `PackageName`, `Category`, `SizeLength`, `SizeWidth`, `SizeHeight`, `CreatedAt`, `CreatedBy`, `UpdatedAt`, `UpdatedBy`, `IsDeleted`, `LastOperationType`, `LastOperationRemark`) VALUES (8, 'SOP', 'SOP IC', 'IC', 5.000, 6.200, 1.750, '2026-06-19 18:35:32.993', 'system', '2026-06-19 18:35:32.993', 'system', b'0', 1, NULL);
INSERT IGNORE INTO `smt_package_types` (`Id`, `PackageCode`, `PackageName`, `Category`, `SizeLength`, `SizeWidth`, `SizeHeight`, `CreatedAt`, `CreatedBy`, `UpdatedAt`, `UpdatedBy`, `IsDeleted`, `LastOperationType`, `LastOperationRemark`) VALUES (9, 'SOIC', 'SOIC IC', 'IC', 3.900, 4.900, 1.750, '2026-06-19 18:35:32.993', 'system', '2026-06-19 18:35:32.993', 'system', b'0', 1, NULL);

-- smt_equipment_types (9 rows)
INSERT IGNORE INTO `smt_equipment_types` (`Id`, `TypeCode`, `TypeName`, `TypeDescription`, `CreatedAt`, `CreatedBy`, `UpdatedAt`, `UpdatedBy`, `IsDeleted`, `LastOperationType`, `LastOperationRemark`) VALUES (1, 'PRINTER', '印刷机', '锡膏印刷设备', '2026-06-19 18:35:32.957', 'system', '2026-06-19 18:35:32.957', 'system', b'0', 1, NULL);
INSERT IGNORE INTO `smt_equipment_types` (`Id`, `TypeCode`, `TypeName`, `TypeDescription`, `CreatedAt`, `CreatedBy`, `UpdatedAt`, `UpdatedBy`, `IsDeleted`, `LastOperationType`, `LastOperationRemark`) VALUES (2, 'SPI', 'SPI检测仪', '锡膏印刷检测设备', '2026-06-19 18:35:32.957', 'system', '2026-06-19 18:35:32.957', 'system', b'0', 1, NULL);
INSERT IGNORE INTO `smt_equipment_types` (`Id`, `TypeCode`, `TypeName`, `TypeDescription`, `CreatedAt`, `CreatedBy`, `UpdatedAt`, `UpdatedBy`, `IsDeleted`, `LastOperationType`, `LastOperationRemark`) VALUES (3, 'HIGH-SPEED', '高速贴片机', '处理小元件的高速贴装设备', '2026-06-19 18:35:32.957', 'system', '2026-06-19 18:35:32.957', 'system', b'0', 1, NULL);
INSERT IGNORE INTO `smt_equipment_types` (`Id`, `TypeCode`, `TypeName`, `TypeDescription`, `CreatedAt`, `CreatedBy`, `UpdatedAt`, `UpdatedBy`, `IsDeleted`, `LastOperationType`, `LastOperationRemark`) VALUES (4, 'GENERAL', '泛用贴片机', '处理大元件的贴装设备', '2026-06-19 18:35:32.957', 'system', '2026-06-19 18:35:32.957', 'system', b'0', 1, NULL);
INSERT IGNORE INTO `smt_equipment_types` (`Id`, `TypeCode`, `TypeName`, `TypeDescription`, `CreatedAt`, `CreatedBy`, `UpdatedAt`, `UpdatedBy`, `IsDeleted`, `LastOperationType`, `LastOperationRemark`) VALUES (5, 'REFLOW', '回流炉', '回流焊接设备', '2026-06-19 18:35:32.957', 'system', '2026-06-19 18:35:32.957', 'system', b'0', 1, NULL);
INSERT IGNORE INTO `smt_equipment_types` (`Id`, `TypeCode`, `TypeName`, `TypeDescription`, `CreatedAt`, `CreatedBy`, `UpdatedAt`, `UpdatedBy`, `IsDeleted`, `LastOperationType`, `LastOperationRemark`) VALUES (6, 'AOI-DETECT', 'AOI检测仪', '自动光学检测设备', '2026-06-19 18:35:32.957', 'system', '2026-06-19 18:35:32.957', 'system', b'0', 1, NULL);
INSERT IGNORE INTO `smt_equipment_types` (`Id`, `TypeCode`, `TypeName`, `TypeDescription`, `CreatedAt`, `CreatedBy`, `UpdatedAt`, `UpdatedBy`, `IsDeleted`, `LastOperationType`, `LastOperationRemark`) VALUES (9016, 'TAPI-ET-PR', '测试-印刷机类型', NULL, '2026-06-21 21:32:10.725', 'test', '2026-06-21 21:32:10.725', 'test', b'0', 1, NULL);
INSERT IGNORE INTO `smt_equipment_types` (`Id`, `TypeCode`, `TypeName`, `TypeDescription`, `CreatedAt`, `CreatedBy`, `UpdatedAt`, `UpdatedBy`, `IsDeleted`, `LastOperationType`, `LastOperationRemark`) VALUES (9017, 'TAPI-ET-SP', '测试-SPI类型', NULL, '2026-06-21 21:32:10.726', 'test', '2026-06-21 21:32:10.726', 'test', b'0', 1, NULL);
INSERT IGNORE INTO `smt_equipment_types` (`Id`, `TypeCode`, `TypeName`, `TypeDescription`, `CreatedAt`, `CreatedBy`, `UpdatedAt`, `UpdatedBy`, `IsDeleted`, `LastOperationType`, `LastOperationRemark`) VALUES (9018, 'TAPI-ET-RF', '测试-回流炉类型', NULL, '2026-06-21 21:32:10.730', 'test', '2026-06-21 21:32:10.730', 'test', b'0', 1, NULL);

-- smt_roles (5 rows)
INSERT IGNORE INTO `smt_roles` (`Id`, `RoleCode`, `RoleName`, `Description`, `CreatedAt`, `CreatedBy`, `UpdatedAt`, `UpdatedBy`, `IsDeleted`, `LastOperationType`, `LastOperationRemark`) VALUES (1, 'RTM_ADMIN', 'RTM管理员', 'MES-RTM 实时制造执行子系统管理员，拥有 RTM 端全部功能权限', '2026-05-25 11:03:05.713', 'system', '2026-07-21 16:14:29.967', 'seed', b'0', 2, NULL);
INSERT IGNORE INTO `smt_roles` (`Id`, `RoleCode`, `RoleName`, `Description`, `CreatedAt`, `CreatedBy`, `UpdatedAt`, `UpdatedBy`, `IsDeleted`, `LastOperationType`, `LastOperationRemark`) VALUES (2, 'QUALITY_ENGINEER', '质量工程师', '负责质量拦截、维修处理和参数质量追溯', '2026-05-25 11:03:10.827', 'system', '2026-07-21 16:14:30.883', 'seed', b'0', 2, NULL);
INSERT IGNORE INTO `smt_roles` (`Id`, `RoleCode`, `RoleName`, `Description`, `CreatedAt`, `CreatedBy`, `UpdatedAt`, `UpdatedBy`, `IsDeleted`, `LastOperationType`, `LastOperationRemark`) VALUES (3, 'PRODUCTION_SUPERVISOR', '生产主管', '负责工单、批次计划与调度，统筹产线生产执行与工单收尾', '2026-05-25 11:03:17.424', 'system', '2026-07-21 16:14:31.840', 'seed', b'0', 2, NULL);
INSERT IGNORE INTO `smt_roles` (`Id`, `RoleCode`, `RoleName`, `Description`, `CreatedAt`, `CreatedBy`, `UpdatedAt`, `UpdatedBy`, `IsDeleted`, `LastOperationType`, `LastOperationRemark`) VALUES (4, 'OPERATOR', '操作工', '负责上料、进站、出站、批次执行数据录入', '2026-06-21 20:21:34.000', 'system', '2026-07-21 16:14:32.781', 'seed', b'0', 2, NULL);
INSERT IGNORE INTO `smt_roles` (`Id`, `RoleCode`, `RoleName`, `Description`, `CreatedAt`, `CreatedBy`, `UpdatedAt`, `UpdatedBy`, `IsDeleted`, `LastOperationType`, `LastOperationRemark`) VALUES (5, 'LEADER', '班组长', '负责现场执行协调、进站、上料、出站与异常跟进', '2026-07-05 21:50:08.193', 'seed', '2026-07-21 16:14:35.310', 'seed', b'0', 1, NULL);

-- smt_functions (28 rows)
INSERT IGNORE INTO `smt_functions` (`Id`, `FunctionCode`, `FunctionName`, `Description`, `CreatedAt`, `CreatedBy`, `UpdatedAt`, `UpdatedBy`, `IsDeleted`, `LastOperationType`, `LastOperationRemark`, `Subsystem`) VALUES (1, 'WO_MANAGE', '工单管理', '查看工单列表，支持创建、释放、暂停、关闭工单，展示工单号、产品型号、计划数量、交货期、状态、分配产线信息', '2026-05-25 11:27:51.440', 'system', '2026-05-25 11:27:51.440', 'system', b'0', 1, NULL, 2);
INSERT IGNORE INTO `smt_functions` (`Id`, `FunctionCode`, `FunctionName`, `Description`, `CreatedAt`, `CreatedBy`, `UpdatedAt`, `UpdatedBy`, `IsDeleted`, `LastOperationType`, `LastOperationRemark`, `Subsystem`) VALUES (2, 'BATCH_MANAGE', '批次管理', '创建、删除、锁定批次，记录批次状态，展示批次计划数量、已完成数量、当前所在工序、预计完成时间', '2026-05-25 11:27:56.115', 'system', '2026-05-25 11:27:56.115', 'system', b'0', 1, NULL, 2);
INSERT IGNORE INTO `smt_functions` (`Id`, `FunctionCode`, `FunctionName`, `Description`, `CreatedAt`, `CreatedBy`, `UpdatedAt`, `UpdatedBy`, `IsDeleted`, `LastOperationType`, `LastOperationRemark`, `Subsystem`) VALUES (3, 'LINE_LOAD_MONITOR', '产线负载监控', '实时显示各产线的当前产能利用率、在制品数量、预计完工时间', '2026-05-25 11:28:00.076', 'system', '2026-05-25 11:28:00.076', 'system', b'0', 1, NULL, 2);
INSERT IGNORE INTO `smt_functions` (`Id`, `FunctionCode`, `FunctionName`, `Description`, `CreatedAt`, `CreatedBy`, `UpdatedAt`, `UpdatedBy`, `IsDeleted`, `LastOperationType`, `LastOperationRemark`, `Subsystem`) VALUES (4, 'SCHEDULE_BOARD', '排程看板', '以甘特图形式展示各产线/设备的工单排程，显示当前工单进度百分比', '2026-05-25 11:28:04.785', 'system', '2026-05-25 11:28:04.785', 'system', b'0', 1, NULL, 2);
INSERT IGNORE INTO `smt_functions` (`Id`, `FunctionCode`, `FunctionName`, `Description`, `CreatedAt`, `CreatedBy`, `UpdatedAt`, `UpdatedBy`, `IsDeleted`, `LastOperationType`, `LastOperationRemark`, `Subsystem`) VALUES (5, 'INBOUND_MANAGE', '进站管理', '按工艺路线校验批次进站权限，记录进站数量、选择设备、执行上料操作', '2026-05-25 11:28:09.764', 'system', '2026-05-25 11:28:09.764', 'system', b'0', 1, NULL, 2);
INSERT IGNORE INTO `smt_functions` (`Id`, `FunctionCode`, `FunctionName`, `Description`, `CreatedAt`, `CreatedBy`, `UpdatedAt`, `UpdatedBy`, `IsDeleted`, `LastOperationType`, `LastOperationRemark`, `Subsystem`) VALUES (6, 'LOADING_TASK_VIEW', '上料任务列表查看', '显示当前批次所需上料的站位物料清单，包含站位号、物料料号、规格、应上数量', '2026-05-25 11:28:14.710', 'system', '2026-05-25 11:28:14.710', 'system', b'0', 1, NULL, 2);
INSERT IGNORE INTO `smt_functions` (`Id`, `FunctionCode`, `FunctionName`, `Description`, `CreatedAt`, `CreatedBy`, `UpdatedAt`, `UpdatedBy`, `IsDeleted`, `LastOperationType`, `LastOperationRemark`, `Subsystem`) VALUES (7, 'INBOUND_LOADING_CHECK', '进站前上料校验', '扫描物料条码与站位码，系统自动校验物料是否与BOM一致', '2026-05-25 11:28:19.334', 'system', '2026-05-25 11:28:19.334', 'system', b'0', 1, NULL, 2);
INSERT IGNORE INTO `smt_functions` (`Id`, `FunctionCode`, `FunctionName`, `Description`, `CreatedAt`, `CreatedBy`, `UpdatedAt`, `UpdatedBy`, `IsDeleted`, `LastOperationType`, `LastOperationRemark`, `Subsystem`) VALUES (8, 'OUTBOUND_MANAGE', '出站管理', '记录出站时间、完工数量、不良数量，支持维修、报废、强制出站三种处置方式', '2026-05-25 11:28:25.756', 'system', '2026-05-25 11:28:25.756', 'system', b'0', 1, NULL, 2);
INSERT IGNORE INTO `smt_functions` (`Id`, `FunctionCode`, `FunctionName`, `Description`, `CreatedAt`, `CreatedBy`, `UpdatedAt`, `UpdatedBy`, `IsDeleted`, `LastOperationType`, `LastOperationRemark`, `Subsystem`) VALUES (9, 'REPAIR_MANAGE', '维修管理', '显示维修概览卡片，查看待维修批次列表，记录批次维修情况', '2026-05-25 11:28:30.420', 'system', '2026-05-25 11:28:30.420', 'system', b'0', 1, NULL, 2);
INSERT IGNORE INTO `smt_functions` (`Id`, `FunctionCode`, `FunctionName`, `Description`, `CreatedAt`, `CreatedBy`, `UpdatedAt`, `UpdatedBy`, `IsDeleted`, `LastOperationType`, `LastOperationRemark`, `Subsystem`) VALUES (10, 'QUALITY_JUDGE_INTERCEPT', '质量判定与拦截', '设置SPI、AOI检测数据阈值，批次直通率低于阈值时自动锁定该批次，禁止继续产出', '2026-05-25 11:28:34.575', 'system', '2026-05-25 11:28:34.575', 'system', b'0', 1, NULL, 2);
INSERT IGNORE INTO `smt_functions` (`Id`, `FunctionCode`, `FunctionName`, `Description`, `CreatedAt`, `CreatedBy`, `UpdatedAt`, `UpdatedBy`, `IsDeleted`, `LastOperationType`, `LastOperationRemark`, `Subsystem`) VALUES (11, 'PARAM_QUALITY_RELATE_QUERY', '参数质量关联查询', '输入批次号或时间范围，查看该批次的所有工艺参数记录与对应的SPI/AOI质量检测结果', '2026-05-25 11:28:38.579', 'system', '2026-05-25 11:28:38.579', 'system', b'0', 1, NULL, 2);
INSERT IGNORE INTO `smt_functions` (`Id`, `FunctionCode`, `FunctionName`, `Description`, `CreatedAt`, `CreatedBy`, `UpdatedAt`, `UpdatedBy`, `IsDeleted`, `LastOperationType`, `LastOperationRemark`, `Subsystem`) VALUES (12, 'LINE_STATUS_BOARD', '产线状态看板', '大屏展示当前生产工单、计划数量/已完成数量、完成率、设备状态', '2026-05-25 11:28:42.995', 'system', '2026-05-25 11:28:42.995', 'system', b'0', 1, NULL, 2);
INSERT IGNORE INTO `smt_functions` (`Id`, `FunctionCode`, `FunctionName`, `Description`, `CreatedAt`, `CreatedBy`, `UpdatedAt`, `UpdatedBy`, `IsDeleted`, `LastOperationType`, `LastOperationRemark`, `Subsystem`) VALUES (13, 'QUALITY_BOARD', '质量看板', '实时展示当天批次SPI直通率、AOI直通率、当天批次良率', '2026-05-25 11:28:47.427', 'system', '2026-05-25 11:28:47.427', 'system', b'0', 1, NULL, 2);
INSERT IGNORE INTO `smt_functions` (`Id`, `FunctionCode`, `FunctionName`, `Description`, `CreatedAt`, `CreatedBy`, `UpdatedAt`, `UpdatedBy`, `IsDeleted`, `LastOperationType`, `LastOperationRemark`, `Subsystem`) VALUES (14, 'PARAM_TEMPLATE_SELECT', '参数模板选择', '换线时根据当前工单的产品型号自动匹配对应的工艺参数模板', '2026-05-25 11:28:52.354', 'system', '2026-05-25 11:28:52.354', 'system', b'0', 1, NULL, 2);
INSERT IGNORE INTO `smt_functions` (`Id`, `FunctionCode`, `FunctionName`, `Description`, `CreatedAt`, `CreatedBy`, `UpdatedAt`, `UpdatedBy`, `IsDeleted`, `LastOperationType`, `LastOperationRemark`, `Subsystem`) VALUES (15, 'PARAM_ISSUE', '参数下发', '将参数模板下发至印刷机、回流炉、SPI、AOI设备，支持手动触发和自动下发', '2026-05-25 11:28:56.142', 'system', '2026-05-25 11:28:56.142', 'system', b'0', 1, NULL, 2);
INSERT IGNORE INTO `smt_functions` (`Id`, `FunctionCode`, `FunctionName`, `Description`, `CreatedAt`, `CreatedBy`, `UpdatedAt`, `UpdatedBy`, `IsDeleted`, `LastOperationType`, `LastOperationRemark`, `Subsystem`) VALUES (16, 'PARAM_CONSISTENCY_CHECK', '参数一致性校验', '读取设备实际参数与模板参数对比，差异超标则锁定设备并提示', '2026-05-25 11:29:00.627', 'system', '2026-05-25 11:29:00.627', 'system', b'0', 1, NULL, 2);
INSERT IGNORE INTO `smt_functions` (`Id`, `FunctionCode`, `FunctionName`, `Description`, `CreatedAt`, `CreatedBy`, `UpdatedAt`, `UpdatedBy`, `IsDeleted`, `LastOperationType`, `LastOperationRemark`, `Subsystem`) VALUES (17, 'PARAM_CONSISTENCY_CHECK是', '参数一致性校验是', '读取设备实际参数与模板参数对比，差异超标则锁定设备并提示', '2026-05-25 11:29:25.620', 'system', '2026-05-25 11:29:36.480', 'system', b'1', 3, NULL, 2);
INSERT IGNORE INTO `smt_functions` (`Id`, `FunctionCode`, `FunctionName`, `Description`, `CreatedAt`, `CreatedBy`, `UpdatedAt`, `UpdatedBy`, `IsDeleted`, `LastOperationType`, `LastOperationRemark`, `Subsystem`) VALUES (18, 'dashboard', '首页', '生产驾驶舱、产线负载和核心指标总览', '2026-07-05 21:50:08.240', 'seed', '2026-07-05 21:50:08.240', 'seed', b'0', 1, NULL, 2);
INSERT IGNORE INTO `smt_functions` (`Id`, `FunctionCode`, `FunctionName`, `Description`, `CreatedAt`, `CreatedBy`, `UpdatedAt`, `UpdatedBy`, `IsDeleted`, `LastOperationType`, `LastOperationRemark`, `Subsystem`) VALUES (19, 'kanban', '看板中心', '产线状态看板、质量看板和生产进度看板', '2026-07-05 21:50:08.240', 'seed', '2026-07-05 21:50:08.240', 'seed', b'0', 1, NULL, 2);
INSERT IGNORE INTO `smt_functions` (`Id`, `FunctionCode`, `FunctionName`, `Description`, `CreatedAt`, `CreatedBy`, `UpdatedAt`, `UpdatedBy`, `IsDeleted`, `LastOperationType`, `LastOperationRemark`, `Subsystem`) VALUES (20, 'work_order', '工单管理', '查看工单列表，支持创建、释放、暂停、关闭工单', '2026-07-05 21:50:08.240', 'seed', '2026-07-05 21:50:08.240', 'seed', b'0', 1, NULL, 2);
INSERT IGNORE INTO `smt_functions` (`Id`, `FunctionCode`, `FunctionName`, `Description`, `CreatedAt`, `CreatedBy`, `UpdatedAt`, `UpdatedBy`, `IsDeleted`, `LastOperationType`, `LastOperationRemark`, `Subsystem`) VALUES (21, 'batch', '批次管理', '创建、锁定批次，记录批次状态和当前工序', '2026-07-05 21:50:08.240', 'seed', '2026-07-05 21:50:08.240', 'seed', b'0', 1, NULL, 2);
INSERT IGNORE INTO `smt_functions` (`Id`, `FunctionCode`, `FunctionName`, `Description`, `CreatedAt`, `CreatedBy`, `UpdatedAt`, `UpdatedBy`, `IsDeleted`, `LastOperationType`, `LastOperationRemark`, `Subsystem`) VALUES (22, 'loading', '上料管理', '显示当前批次所需上料的站位物料清单并执行补料', '2026-07-05 21:50:08.240', 'seed', '2026-07-05 21:50:08.240', 'seed', b'0', 1, NULL, 2);
INSERT IGNORE INTO `smt_functions` (`Id`, `FunctionCode`, `FunctionName`, `Description`, `CreatedAt`, `CreatedBy`, `UpdatedAt`, `UpdatedBy`, `IsDeleted`, `LastOperationType`, `LastOperationRemark`, `Subsystem`) VALUES (23, 'check_in', '进站操作', '校验批次进站权限并记录进站数量和设备', '2026-07-05 21:50:08.240', 'seed', '2026-07-05 21:50:08.240', 'seed', b'0', 1, NULL, 2);
INSERT IGNORE INTO `smt_functions` (`Id`, `FunctionCode`, `FunctionName`, `Description`, `CreatedAt`, `CreatedBy`, `UpdatedAt`, `UpdatedBy`, `IsDeleted`, `LastOperationType`, `LastOperationRemark`, `Subsystem`) VALUES (24, 'check_out', '出站操作', '记录出站时间、完工数量、不良数量和处置方式', '2026-07-05 21:50:08.240', 'seed', '2026-07-05 21:50:08.240', 'seed', b'0', 1, NULL, 2);
INSERT IGNORE INTO `smt_functions` (`Id`, `FunctionCode`, `FunctionName`, `Description`, `CreatedAt`, `CreatedBy`, `UpdatedAt`, `UpdatedBy`, `IsDeleted`, `LastOperationType`, `LastOperationRemark`, `Subsystem`) VALUES (25, 'tracking', '批次跟踪', '查询批次工艺参数、上料记录和质量结果', '2026-07-05 21:50:08.240', 'seed', '2026-07-05 21:50:08.240', 'seed', b'0', 1, NULL, 2);
INSERT IGNORE INTO `smt_functions` (`Id`, `FunctionCode`, `FunctionName`, `Description`, `CreatedAt`, `CreatedBy`, `UpdatedAt`, `UpdatedBy`, `IsDeleted`, `LastOperationType`, `LastOperationRemark`, `Subsystem`) VALUES (26, 'repair', '维修管理', '查看待维修批次并记录维修情况', '2026-07-05 21:50:08.240', 'seed', '2026-07-05 21:50:08.240', 'seed', b'0', 1, NULL, 2);
INSERT IGNORE INTO `smt_functions` (`Id`, `FunctionCode`, `FunctionName`, `Description`, `CreatedAt`, `CreatedBy`, `UpdatedAt`, `UpdatedBy`, `IsDeleted`, `LastOperationType`, `LastOperationRemark`, `Subsystem`) VALUES (27, 'equipment', '设备管理', '设备档案、设备状态、设备类型管理', '2026-07-05 21:50:08.240', 'seed', '2026-07-05 21:50:08.240', 'seed', b'0', 1, NULL, 2);
INSERT IGNORE INTO `smt_functions` (`Id`, `FunctionCode`, `FunctionName`, `Description`, `CreatedAt`, `CreatedBy`, `UpdatedAt`, `UpdatedBy`, `IsDeleted`, `LastOperationType`, `LastOperationRemark`, `Subsystem`) VALUES (28, 'system', '系统中心', '个人中心、消息通知和基础系统入口', '2026-07-05 21:50:08.240', 'seed', '2026-07-05 21:50:08.240', 'seed', b'0', 1, NULL, 2);

-- smt_lines (5 rows)
INSERT IGNORE INTO `smt_lines` (`Id`, `LineCode`, `LineName`, `LineDescription`, `Workshop`, `CreatedAt`, `CreatedBy`, `UpdatedAt`, `UpdatedBy`, `IsDeleted`, `LastOperationType`, `LastOperationRemark`) VALUES (1, 'LINE-A', 'A线', '标准SMT生产线', '1号车间', '2026-06-19 18:35:32.974', 'system', '2026-06-19 18:35:32.974', 'system', b'0', 1, NULL);
INSERT IGNORE INTO `smt_lines` (`Id`, `LineCode`, `LineName`, `LineDescription`, `Workshop`, `CreatedAt`, `CreatedBy`, `UpdatedAt`, `UpdatedBy`, `IsDeleted`, `LastOperationType`, `LastOperationRemark`) VALUES (2, 'LINE-B', 'B线', '高速SMT生产线', '1号车间', '2026-06-19 18:35:32.974', 'system', '2026-06-19 18:35:32.974', 'system', b'0', 1, NULL);
INSERT IGNORE INTO `smt_lines` (`Id`, `LineCode`, `LineName`, `LineDescription`, `Workshop`, `CreatedAt`, `CreatedBy`, `UpdatedAt`, `UpdatedBy`, `IsDeleted`, `LastOperationType`, `LastOperationRemark`) VALUES (3, 'LINE-C', 'C线', '高端SMT生产线', '2号车间', '2026-06-19 18:35:32.974', 'system', '2026-06-19 18:35:32.974', 'system', b'0', 1, NULL);
INSERT IGNORE INTO `smt_lines` (`Id`, `LineCode`, `LineName`, `LineDescription`, `Workshop`, `CreatedAt`, `CreatedBy`, `UpdatedAt`, `UpdatedBy`, `IsDeleted`, `LastOperationType`, `LastOperationRemark`) VALUES (4, 'LINE-D', 'D线', '试验SMT生产线', '3号车间', '2026-06-19 18:35:32.974', 'system', '2026-06-19 18:35:32.974', 'system', b'0', 1, NULL);
INSERT IGNORE INTO `smt_lines` (`Id`, `LineCode`, `LineName`, `LineDescription`, `Workshop`, `CreatedAt`, `CreatedBy`, `UpdatedAt`, `UpdatedBy`, `IsDeleted`, `LastOperationType`, `LastOperationRemark`) VALUES (8, 'TAPI-LINE-01', '测试产线01', NULL, NULL, '2026-06-21 21:32:10.770', 'test', '2026-06-21 21:32:10.770', 'test', b'0', 1, NULL);

-- smt_products (6 rows)
INSERT IGNORE INTO `smt_products` (`Id`, `ProductCode`, `ProductName`, `Model`, `Version`, `PCBDimensions`, `PCBThickness`, `PanelCount`, `ProductTypeId`, `SpiThreshold`, `AoiThreshold`, `CreatedAt`, `CreatedBy`, `UpdatedAt`, `UpdatedBy`, `IsDeleted`, `LastOperationType`, `LastOperationRemark`) VALUES (1, 'P-MOBILE-001', '手机主板V2', 'MTK-6785', 'V2.0', '100x60mm', '1.2mm', 2, 1, 95.00, 98.00, '2026-06-19 18:35:32.997', 'system', '2026-06-19 18:35:32.997', 'system', b'0', 1, NULL);
INSERT IGNORE INTO `smt_products` (`Id`, `ProductCode`, `ProductName`, `Model`, `Version`, `PCBDimensions`, `PCBThickness`, `PanelCount`, `ProductTypeId`, `SpiThreshold`, `AoiThreshold`, `CreatedAt`, `CreatedBy`, `UpdatedAt`, `UpdatedBy`, `IsDeleted`, `LastOperationType`, `LastOperationRemark`) VALUES (2, 'P-MOBILE-002', '手机主板V1', 'MTK-6735', 'V1.0', '100x60mm', '1.2mm', 2, 1, 95.00, 98.00, '2026-06-19 18:35:32.997', 'system', '2026-06-19 18:35:32.997', 'system', b'0', 1, NULL);
INSERT IGNORE INTO `smt_products` (`Id`, `ProductCode`, `ProductName`, `Model`, `Version`, `PCBDimensions`, `PCBThickness`, `PanelCount`, `ProductTypeId`, `SpiThreshold`, `AoiThreshold`, `CreatedAt`, `CreatedBy`, `UpdatedAt`, `UpdatedBy`, `IsDeleted`, `LastOperationType`, `LastOperationRemark`) VALUES (3, 'P-AUTO-001', '汽车BCM控制器', 'BCM-GEN2', 'V1.5', '150x100mm', '1.6mm', 1, 2, 96.00, 98.50, '2026-06-19 18:35:32.997', 'system', '2026-06-19 18:35:32.997', 'system', b'0', 1, NULL);
INSERT IGNORE INTO `smt_products` (`Id`, `ProductCode`, `ProductName`, `Model`, `Version`, `PCBDimensions`, `PCBThickness`, `PanelCount`, `ProductTypeId`, `SpiThreshold`, `AoiThreshold`, `CreatedAt`, `CreatedBy`, `UpdatedAt`, `UpdatedBy`, `IsDeleted`, `LastOperationType`, `LastOperationRemark`) VALUES (4, 'P-AUTO-002', '汽车传感器模块', 'SENS-GEN1', 'V1.0', '80x50mm', '1.0mm', 4, 2, 95.00, 97.00, '2026-06-19 18:35:32.997', 'system', '2026-06-19 18:35:32.997', 'system', b'0', 1, NULL);
INSERT IGNORE INTO `smt_products` (`Id`, `ProductCode`, `ProductName`, `Model`, `Version`, `PCBDimensions`, `PCBThickness`, `PanelCount`, `ProductTypeId`, `SpiThreshold`, `AoiThreshold`, `CreatedAt`, `CreatedBy`, `UpdatedAt`, `UpdatedBy`, `IsDeleted`, `LastOperationType`, `LastOperationRemark`) VALUES (5, 'P-IND-001', 'PLC控制器', 'PLC-M100', 'V3.0', '200x150mm', '2.0mm', 1, 3, 94.00, 97.50, '2026-06-19 18:35:32.997', 'system', '2026-06-19 18:35:32.997', 'system', b'0', 1, NULL);
INSERT IGNORE INTO `smt_products` (`Id`, `ProductCode`, `ProductName`, `Model`, `Version`, `PCBDimensions`, `PCBThickness`, `PanelCount`, `ProductTypeId`, `SpiThreshold`, `AoiThreshold`, `CreatedAt`, `CreatedBy`, `UpdatedAt`, `UpdatedBy`, `IsDeleted`, `LastOperationType`, `LastOperationRemark`) VALUES (12, 'TAPI-PROD-001', '测试手机主板', 'TEST-A', 'V1.0', '100x80mm', NULL, 10, 11, 95.00, 95.00, '2026-06-21 21:32:10.715', 'test', '2026-06-21 21:32:10.715', 'test', b'0', 1, NULL);

-- smt_bom (6 rows)
INSERT IGNORE INTO `smt_bom` (`Id`, `ProductId`, `BomVersion`, `IsActive`, `Description`, `CreatedAt`, `CreatedBy`, `UpdatedAt`, `UpdatedBy`, `IsDeleted`, `LastOperationType`, `LastOperationRemark`) VALUES (1, 1, 'V1.0', b'1', '手机主板V2 当前生效BOM', '2026-06-19 18:35:33.009', 'system', '2026-06-19 18:35:33.009', 'system', b'0', 1, NULL);
INSERT IGNORE INTO `smt_bom` (`Id`, `ProductId`, `BomVersion`, `IsActive`, `Description`, `CreatedAt`, `CreatedBy`, `UpdatedAt`, `UpdatedBy`, `IsDeleted`, `LastOperationType`, `LastOperationRemark`) VALUES (2, 2, 'V1.0', b'1', '手机主板V1 当前生效BOM', '2026-06-19 18:35:33.009', 'system', '2026-06-19 18:35:33.009', 'system', b'0', 1, NULL);
INSERT IGNORE INTO `smt_bom` (`Id`, `ProductId`, `BomVersion`, `IsActive`, `Description`, `CreatedAt`, `CreatedBy`, `UpdatedAt`, `UpdatedBy`, `IsDeleted`, `LastOperationType`, `LastOperationRemark`) VALUES (3, 3, 'V1.5', b'1', '汽车BCM控制器 当前生效BOM', '2026-06-19 18:35:33.009', 'system', '2026-06-19 18:35:33.009', 'system', b'0', 1, NULL);
INSERT IGNORE INTO `smt_bom` (`Id`, `ProductId`, `BomVersion`, `IsActive`, `Description`, `CreatedAt`, `CreatedBy`, `UpdatedAt`, `UpdatedBy`, `IsDeleted`, `LastOperationType`, `LastOperationRemark`) VALUES (4, 4, 'V1.0', b'1', '汽车传感器模块 当前生效BOM', '2026-06-19 18:35:33.009', 'system', '2026-06-19 18:35:33.009', 'system', b'0', 1, NULL);
INSERT IGNORE INTO `smt_bom` (`Id`, `ProductId`, `BomVersion`, `IsActive`, `Description`, `CreatedAt`, `CreatedBy`, `UpdatedAt`, `UpdatedBy`, `IsDeleted`, `LastOperationType`, `LastOperationRemark`) VALUES (5, 5, 'V3.0', b'1', 'PLC控制器 当前生效BOM', '2026-06-19 18:35:33.009', 'system', '2026-06-19 18:35:33.009', 'system', b'0', 1, NULL);
INSERT IGNORE INTO `smt_bom` (`Id`, `ProductId`, `BomVersion`, `IsActive`, `Description`, `CreatedAt`, `CreatedBy`, `UpdatedAt`, `UpdatedBy`, `IsDeleted`, `LastOperationType`, `LastOperationRemark`) VALUES (13, 12, 'TAPI-BOM-V1', b'1', '测试批次BOM', '2026-06-21 21:32:10.779', 'test', '2026-06-21 21:32:10.779', 'test', b'0', 1, NULL);

-- smt_materials (13 rows)
INSERT IGNORE INTO `smt_materials` (`Id`, `MaterialCode`, `MaterialDesc`, `MaterialTypeId`, `PackageTypeId`, `Brand`, `MinPackQty`, `StorageCondition`, `MSDLevel`, `MaterialBarcode`, `CreatedAt`, `CreatedBy`, `UpdatedAt`, `UpdatedBy`, `IsDeleted`, `LastOperationType`, `LastOperationRemark`) VALUES (1, 'R-001', '电阻 1KΩ 0402', 1, 2, '国巨', 10000, NULL, NULL, NULL, '2026-06-19 18:35:32.993', 'system', '2026-06-19 18:35:32.993', 'system', b'0', 1, NULL);
INSERT IGNORE INTO `smt_materials` (`Id`, `MaterialCode`, `MaterialDesc`, `MaterialTypeId`, `PackageTypeId`, `Brand`, `MinPackQty`, `StorageCondition`, `MSDLevel`, `MaterialBarcode`, `CreatedAt`, `CreatedBy`, `UpdatedAt`, `UpdatedBy`, `IsDeleted`, `LastOperationType`, `LastOperationRemark`) VALUES (2, 'R-002', '电阻 10KΩ 0603', 1, 3, '国巨', 5000, NULL, NULL, NULL, '2026-06-19 18:35:32.993', 'system', '2026-06-19 18:35:32.993', 'system', b'0', 1, NULL);
INSERT IGNORE INTO `smt_materials` (`Id`, `MaterialCode`, `MaterialDesc`, `MaterialTypeId`, `PackageTypeId`, `Brand`, `MinPackQty`, `StorageCondition`, `MSDLevel`, `MaterialBarcode`, `CreatedAt`, `CreatedBy`, `UpdatedAt`, `UpdatedBy`, `IsDeleted`, `LastOperationType`, `LastOperationRemark`) VALUES (3, 'R-003', '电阻 100Ω 0805', 1, 4, '国巨', 4000, NULL, NULL, NULL, '2026-06-19 18:35:32.993', 'system', '2026-06-19 18:35:32.993', 'system', b'0', 1, NULL);
INSERT IGNORE INTO `smt_materials` (`Id`, `MaterialCode`, `MaterialDesc`, `MaterialTypeId`, `PackageTypeId`, `Brand`, `MinPackQty`, `StorageCondition`, `MSDLevel`, `MaterialBarcode`, `CreatedAt`, `CreatedBy`, `UpdatedAt`, `UpdatedBy`, `IsDeleted`, `LastOperationType`, `LastOperationRemark`) VALUES (4, 'C-001', '电容 10uF 0402', 2, 2, '三星', 10000, NULL, NULL, NULL, '2026-06-19 18:35:32.993', 'system', '2026-06-19 18:35:32.993', 'system', b'0', 1, NULL);
INSERT IGNORE INTO `smt_materials` (`Id`, `MaterialCode`, `MaterialDesc`, `MaterialTypeId`, `PackageTypeId`, `Brand`, `MinPackQty`, `StorageCondition`, `MSDLevel`, `MaterialBarcode`, `CreatedAt`, `CreatedBy`, `UpdatedAt`, `UpdatedBy`, `IsDeleted`, `LastOperationType`, `LastOperationRemark`) VALUES (5, 'C-002', '电容 100nF 0603', 2, 3, '村田', 5000, NULL, NULL, NULL, '2026-06-19 18:35:32.993', 'system', '2026-06-19 18:35:32.993', 'system', b'0', 1, NULL);
INSERT IGNORE INTO `smt_materials` (`Id`, `MaterialCode`, `MaterialDesc`, `MaterialTypeId`, `PackageTypeId`, `Brand`, `MinPackQty`, `StorageCondition`, `MSDLevel`, `MaterialBarcode`, `CreatedAt`, `CreatedBy`, `UpdatedAt`, `UpdatedBy`, `IsDeleted`, `LastOperationType`, `LastOperationRemark`) VALUES (6, 'C-003', '电容 1uF 0805', 2, 4, '村田', 4000, NULL, NULL, NULL, '2026-06-19 18:35:32.993', 'system', '2026-06-19 18:35:32.993', 'system', b'0', 1, NULL);
INSERT IGNORE INTO `smt_materials` (`Id`, `MaterialCode`, `MaterialDesc`, `MaterialTypeId`, `PackageTypeId`, `Brand`, `MinPackQty`, `StorageCondition`, `MSDLevel`, `MaterialBarcode`, `CreatedAt`, `CreatedBy`, `UpdatedAt`, `UpdatedBy`, `IsDeleted`, `LastOperationType`, `LastOperationRemark`) VALUES (7, 'IC-001', 'STM32F103 微控制器', 3, 2, 'ST', 100, NULL, NULL, NULL, '2026-06-19 18:35:32.993', 'system', '2026-06-19 18:35:32.993', 'system', b'0', 1, NULL);
INSERT IGNORE INTO `smt_materials` (`Id`, `MaterialCode`, `MaterialDesc`, `MaterialTypeId`, `PackageTypeId`, `Brand`, `MinPackQty`, `StorageCondition`, `MSDLevel`, `MaterialBarcode`, `CreatedAt`, `CreatedBy`, `UpdatedAt`, `UpdatedBy`, `IsDeleted`, `LastOperationType`, `LastOperationRemark`) VALUES (8, 'IC-002', 'ESP32 WiFi模块', 3, 2, 'Espressif', 500, NULL, NULL, NULL, '2026-06-19 18:35:32.993', 'system', '2026-06-19 18:35:32.993', 'system', b'0', 1, NULL);
INSERT IGNORE INTO `smt_materials` (`Id`, `MaterialCode`, `MaterialDesc`, `MaterialTypeId`, `PackageTypeId`, `Brand`, `MinPackQty`, `StorageCondition`, `MSDLevel`, `MaterialBarcode`, `CreatedAt`, `CreatedBy`, `UpdatedAt`, `UpdatedBy`, `IsDeleted`, `LastOperationType`, `LastOperationRemark`) VALUES (9, 'IC-003', '74HC595 移位寄存器', 3, 2, 'NXP', 2000, NULL, NULL, NULL, '2026-06-19 18:35:32.993', 'system', '2026-06-19 18:35:32.993', 'system', b'0', 1, NULL);
INSERT IGNORE INTO `smt_materials` (`Id`, `MaterialCode`, `MaterialDesc`, `MaterialTypeId`, `PackageTypeId`, `Brand`, `MinPackQty`, `StorageCondition`, `MSDLevel`, `MaterialBarcode`, `CreatedAt`, `CreatedBy`, `UpdatedAt`, `UpdatedBy`, `IsDeleted`, `LastOperationType`, `LastOperationRemark`) VALUES (10, 'IC-004', 'LM358 运算放大器', 3, 2, 'TI', 2000, NULL, NULL, NULL, '2026-06-19 18:35:32.993', 'system', '2026-06-19 18:35:32.993', 'system', b'0', 1, NULL);
INSERT IGNORE INTO `smt_materials` (`Id`, `MaterialCode`, `MaterialDesc`, `MaterialTypeId`, `PackageTypeId`, `Brand`, `MinPackQty`, `StorageCondition`, `MSDLevel`, `MaterialBarcode`, `CreatedAt`, `CreatedBy`, `UpdatedAt`, `UpdatedBy`, `IsDeleted`, `LastOperationType`, `LastOperationRemark`) VALUES (26, 'TAPI-MAT-0201', '测试0201电阻', 15, 1, 'T-BRAND', 10000, NULL, NULL, NULL, '2026-06-21 21:32:10.759', 'test', '2026-06-21 21:32:10.759', 'test', b'0', 1, NULL);
INSERT IGNORE INTO `smt_materials` (`Id`, `MaterialCode`, `MaterialDesc`, `MaterialTypeId`, `PackageTypeId`, `Brand`, `MinPackQty`, `StorageCondition`, `MSDLevel`, `MaterialBarcode`, `CreatedAt`, `CreatedBy`, `UpdatedAt`, `UpdatedBy`, `IsDeleted`, `LastOperationType`, `LastOperationRemark`) VALUES (27, 'TAPI-MAT-0402', '测试0402电容', 15, 2, 'T-BRAND', 5000, NULL, NULL, NULL, '2026-06-21 21:32:10.761', 'test', '2026-06-21 21:32:10.761', 'test', b'0', 1, NULL);
INSERT IGNORE INTO `smt_materials` (`Id`, `MaterialCode`, `MaterialDesc`, `MaterialTypeId`, `PackageTypeId`, `Brand`, `MinPackQty`, `StorageCondition`, `MSDLevel`, `MaterialBarcode`, `CreatedAt`, `CreatedBy`, `UpdatedAt`, `UpdatedBy`, `IsDeleted`, `LastOperationType`, `LastOperationRemark`) VALUES (28, 'TAPI-MAT-QFP', '测试QFP芯片', 15, 6, 'T-BRAND', 500, NULL, NULL, NULL, '2026-06-21 21:32:10.762', 'test', '2026-06-21 21:32:10.762', 'test', b'0', 1, NULL);

-- smt_equipment (15 rows)
INSERT IGNORE INTO `smt_equipment` (`Id`, `EquipmentCode`, `EquipmentName`, `EquipmentTypeId`, `Model`, `Brand`, `SerialNumber`, `ProductionDate`, `WarrantyExpireDate`, `LineId`, `Status`, `CreatedAt`, `CreatedBy`, `UpdatedAt`, `UpdatedBy`, `IsDeleted`, `LastOperationType`, `LastOperationRemark`) VALUES (1, 'EQ-SMT-001', '高速贴片机#1', 3, 'NPM-W2', 'Panasonic', 'SN-HS-001', '2023-03-15', NULL, 1, 1, '2026-06-21 21:03:46.000', 'system', '2026-06-21 21:03:46.000', 'system', b'0', 1, NULL);
INSERT IGNORE INTO `smt_equipment` (`Id`, `EquipmentCode`, `EquipmentName`, `EquipmentTypeId`, `Model`, `Brand`, `SerialNumber`, `ProductionDate`, `WarrantyExpireDate`, `LineId`, `Status`, `CreatedAt`, `CreatedBy`, `UpdatedAt`, `UpdatedBy`, `IsDeleted`, `LastOperationType`, `LastOperationRemark`) VALUES (2, 'EQ-SMT-002', '高速贴片机#2', 3, 'NPM-W2', 'Panasonic', 'SN-HS-002', '2023-03-15', NULL, 1, 1, '2026-06-21 21:03:46.000', 'system', '2026-06-21 21:03:46.000', 'system', b'0', 1, NULL);
INSERT IGNORE INTO `smt_equipment` (`Id`, `EquipmentCode`, `EquipmentName`, `EquipmentTypeId`, `Model`, `Brand`, `SerialNumber`, `ProductionDate`, `WarrantyExpireDate`, `LineId`, `Status`, `CreatedAt`, `CreatedBy`, `UpdatedAt`, `UpdatedBy`, `IsDeleted`, `LastOperationType`, `LastOperationRemark`) VALUES (3, 'EQ-SMT-003', '印刷机#1', 1, 'SPG', 'Panasonic', 'SN-PR-001', '2023-02-10', NULL, 1, 1, '2026-06-21 21:03:46.000', 'system', '2026-06-21 21:03:46.000', 'system', b'0', 1, NULL);
INSERT IGNORE INTO `smt_equipment` (`Id`, `EquipmentCode`, `EquipmentName`, `EquipmentTypeId`, `Model`, `Brand`, `SerialNumber`, `ProductionDate`, `WarrantyExpireDate`, `LineId`, `Status`, `CreatedAt`, `CreatedBy`, `UpdatedAt`, `UpdatedBy`, `IsDeleted`, `LastOperationType`, `LastOperationRemark`) VALUES (4, 'EQ-SMT-004', 'SPI检测#1', 2, 'VT-S1080', 'Omron', 'SN-SPI-001', '2023-02-20', NULL, 1, 2, '2026-06-21 21:03:46.000', 'system', '2026-06-21 21:03:46.000', 'system', b'0', 1, NULL);
INSERT IGNORE INTO `smt_equipment` (`Id`, `EquipmentCode`, `EquipmentName`, `EquipmentTypeId`, `Model`, `Brand`, `SerialNumber`, `ProductionDate`, `WarrantyExpireDate`, `LineId`, `Status`, `CreatedAt`, `CreatedBy`, `UpdatedAt`, `UpdatedBy`, `IsDeleted`, `LastOperationType`, `LastOperationRemark`) VALUES (5, 'EQ-SMT-005', '回流炉#1', 5, 'TNP25-508EM', 'Tamura', 'SN-RF-001', '2023-04-01', NULL, 1, 1, '2026-06-21 21:03:46.000', 'system', '2026-06-21 21:03:46.000', 'system', b'0', 1, NULL);
INSERT IGNORE INTO `smt_equipment` (`Id`, `EquipmentCode`, `EquipmentName`, `EquipmentTypeId`, `Model`, `Brand`, `SerialNumber`, `ProductionDate`, `WarrantyExpireDate`, `LineId`, `Status`, `CreatedAt`, `CreatedBy`, `UpdatedAt`, `UpdatedBy`, `IsDeleted`, `LastOperationType`, `LastOperationRemark`) VALUES (6, 'EQ-SMT-006', 'AOI检测#1', 6, 'VT-S730', 'Omron', 'SN-AOI-001', '2023-04-10', NULL, 1, 1, '2026-06-21 21:03:46.000', 'system', '2026-06-21 21:03:46.000', 'system', b'0', 1, NULL);
INSERT IGNORE INTO `smt_equipment` (`Id`, `EquipmentCode`, `EquipmentName`, `EquipmentTypeId`, `Model`, `Brand`, `SerialNumber`, `ProductionDate`, `WarrantyExpireDate`, `LineId`, `Status`, `CreatedAt`, `CreatedBy`, `UpdatedAt`, `UpdatedBy`, `IsDeleted`, `LastOperationType`, `LastOperationRemark`) VALUES (7, 'EQ-SMT-011', '泛用贴片机#1', 4, 'KE-3020', 'Juki', 'SN-GE-001', '2022-11-20', NULL, 2, 1, '2026-06-21 21:03:46.000', 'system', '2026-06-21 21:03:46.000', 'system', b'0', 1, NULL);
INSERT IGNORE INTO `smt_equipment` (`Id`, `EquipmentCode`, `EquipmentName`, `EquipmentTypeId`, `Model`, `Brand`, `SerialNumber`, `ProductionDate`, `WarrantyExpireDate`, `LineId`, `Status`, `CreatedAt`, `CreatedBy`, `UpdatedAt`, `UpdatedBy`, `IsDeleted`, `LastOperationType`, `LastOperationRemark`) VALUES (8, 'EQ-SMT-012', '泛用贴片机#2', 4, 'KE-3020', 'Juki', 'SN-GE-002', '2022-11-20', NULL, 2, 3, '2026-06-21 21:03:46.000', 'system', '2026-06-21 21:03:46.000', 'system', b'0', 1, NULL);
INSERT IGNORE INTO `smt_equipment` (`Id`, `EquipmentCode`, `EquipmentName`, `EquipmentTypeId`, `Model`, `Brand`, `SerialNumber`, `ProductionDate`, `WarrantyExpireDate`, `LineId`, `Status`, `CreatedAt`, `CreatedBy`, `UpdatedAt`, `UpdatedBy`, `IsDeleted`, `LastOperationType`, `LastOperationRemark`) VALUES (9, 'EQ-SMT-013', '印刷机#2', 1, 'YP25', 'Yamaha', 'SN-PR-002', '2022-10-15', NULL, 2, 1, '2026-06-21 21:03:46.000', 'system', '2026-06-21 21:03:46.000', 'system', b'0', 1, NULL);
INSERT IGNORE INTO `smt_equipment` (`Id`, `EquipmentCode`, `EquipmentName`, `EquipmentTypeId`, `Model`, `Brand`, `SerialNumber`, `ProductionDate`, `WarrantyExpireDate`, `LineId`, `Status`, `CreatedAt`, `CreatedBy`, `UpdatedAt`, `UpdatedBy`, `IsDeleted`, `LastOperationType`, `LastOperationRemark`) VALUES (10, 'EQ-SMT-014', '回流炉#2', 5, 'TNV25-608', 'Tamura', 'SN-RF-002', '2022-12-01', NULL, 2, 1, '2026-06-21 21:03:46.000', 'system', '2026-06-21 21:03:46.000', 'system', b'0', 1, NULL);
INSERT IGNORE INTO `smt_equipment` (`Id`, `EquipmentCode`, `EquipmentName`, `EquipmentTypeId`, `Model`, `Brand`, `SerialNumber`, `ProductionDate`, `WarrantyExpireDate`, `LineId`, `Status`, `CreatedAt`, `CreatedBy`, `UpdatedAt`, `UpdatedBy`, `IsDeleted`, `LastOperationType`, `LastOperationRemark`) VALUES (11, 'EQ-SMT-015', 'AOI检测#2', 6, 'VT-RNS', 'Omron', 'SN-AOI-002', '2022-12-10', NULL, 2, 2, '2026-06-21 21:03:46.000', 'system', '2026-06-21 21:03:46.000', 'system', b'0', 1, NULL);
INSERT IGNORE INTO `smt_equipment` (`Id`, `EquipmentCode`, `EquipmentName`, `EquipmentTypeId`, `Model`, `Brand`, `SerialNumber`, `ProductionDate`, `WarrantyExpireDate`, `LineId`, `Status`, `CreatedAt`, `CreatedBy`, `UpdatedAt`, `UpdatedBy`, `IsDeleted`, `LastOperationType`, `LastOperationRemark`) VALUES (12, 'EQ-SMT-021', '高速贴片机#3', 3, 'NPM-D3', 'Panasonic', 'SN-HS-003', '2024-01-15', NULL, 3, 1, '2026-06-21 21:03:46.000', 'system', '2026-06-21 21:03:46.000', 'system', b'0', 1, NULL);
INSERT IGNORE INTO `smt_equipment` (`Id`, `EquipmentCode`, `EquipmentName`, `EquipmentTypeId`, `Model`, `Brand`, `SerialNumber`, `ProductionDate`, `WarrantyExpireDate`, `LineId`, `Status`, `CreatedAt`, `CreatedBy`, `UpdatedAt`, `UpdatedBy`, `IsDeleted`, `LastOperationType`, `LastOperationRemark`) VALUES (13, 'EQ-SMT-022', '泛用贴片机#3', 4, 'KE-4020R', 'Juki', 'SN-GE-003', '2024-02-10', NULL, 3, 1, '2026-06-21 21:03:46.000', 'system', '2026-06-21 21:03:46.000', 'system', b'0', 1, NULL);
INSERT IGNORE INTO `smt_equipment` (`Id`, `EquipmentCode`, `EquipmentName`, `EquipmentTypeId`, `Model`, `Brand`, `SerialNumber`, `ProductionDate`, `WarrantyExpireDate`, `LineId`, `Status`, `CreatedAt`, `CreatedBy`, `UpdatedAt`, `UpdatedBy`, `IsDeleted`, `LastOperationType`, `LastOperationRemark`) VALUES (14, 'EQ-SMT-023', '印刷机#3', 1, 'SP18S', 'Panasonic', 'SN-PR-003', '2024-01-20', NULL, 3, 1, '2026-06-21 21:03:46.000', 'system', '2026-06-21 21:03:46.000', 'system', b'0', 1, NULL);
INSERT IGNORE INTO `smt_equipment` (`Id`, `EquipmentCode`, `EquipmentName`, `EquipmentTypeId`, `Model`, `Brand`, `SerialNumber`, `ProductionDate`, `WarrantyExpireDate`, `LineId`, `Status`, `CreatedAt`, `CreatedBy`, `UpdatedAt`, `UpdatedBy`, `IsDeleted`, `LastOperationType`, `LastOperationRemark`) VALUES (15, 'EQ-SMT-024', '回流炉#3', 5, 'TNV25-708', 'Tamura', 'SN-RF-003', '2024-03-01', NULL, 3, 1, '2026-06-21 21:03:46.000', 'system', '2026-06-21 21:03:46.000', 'system', b'0', 1, NULL);

-- smt_equipment_package_types (35 rows)
INSERT IGNORE INTO `smt_equipment_package_types` (`Id`, `EquipmentTypeId`, `PackageTypeId`, `CreatedAt`, `CreatedBy`, `UpdatedAt`, `UpdatedBy`, `IsDeleted`, `LastOperationType`, `LastOperationRemark`) VALUES (1, 3, 1, '2026-06-21 21:03:47.000', 'system', '2026-06-21 21:03:47.000', 'system', b'0', 1, NULL);
INSERT IGNORE INTO `smt_equipment_package_types` (`Id`, `EquipmentTypeId`, `PackageTypeId`, `CreatedAt`, `CreatedBy`, `UpdatedAt`, `UpdatedBy`, `IsDeleted`, `LastOperationType`, `LastOperationRemark`) VALUES (2, 3, 2, '2026-06-21 21:03:47.000', 'system', '2026-06-21 21:03:47.000', 'system', b'0', 1, NULL);
INSERT IGNORE INTO `smt_equipment_package_types` (`Id`, `EquipmentTypeId`, `PackageTypeId`, `CreatedAt`, `CreatedBy`, `UpdatedAt`, `UpdatedBy`, `IsDeleted`, `LastOperationType`, `LastOperationRemark`) VALUES (3, 3, 3, '2026-06-21 21:03:47.000', 'system', '2026-06-21 21:03:47.000', 'system', b'0', 1, NULL);
INSERT IGNORE INTO `smt_equipment_package_types` (`Id`, `EquipmentTypeId`, `PackageTypeId`, `CreatedAt`, `CreatedBy`, `UpdatedAt`, `UpdatedBy`, `IsDeleted`, `LastOperationType`, `LastOperationRemark`) VALUES (4, 3, 4, '2026-06-21 21:03:47.000', 'system', '2026-06-21 21:03:47.000', 'system', b'0', 1, NULL);
INSERT IGNORE INTO `smt_equipment_package_types` (`Id`, `EquipmentTypeId`, `PackageTypeId`, `CreatedAt`, `CreatedBy`, `UpdatedAt`, `UpdatedBy`, `IsDeleted`, `LastOperationType`, `LastOperationRemark`) VALUES (5, 3, 5, '2026-06-21 21:03:47.000', 'system', '2026-06-21 21:03:47.000', 'system', b'0', 1, NULL);
INSERT IGNORE INTO `smt_equipment_package_types` (`Id`, `EquipmentTypeId`, `PackageTypeId`, `CreatedAt`, `CreatedBy`, `UpdatedAt`, `UpdatedBy`, `IsDeleted`, `LastOperationType`, `LastOperationRemark`) VALUES (6, 3, 1, '2026-06-21 21:03:47.000', 'system', '2026-06-21 21:03:47.000', 'system', b'0', 1, NULL);
INSERT IGNORE INTO `smt_equipment_package_types` (`Id`, `EquipmentTypeId`, `PackageTypeId`, `CreatedAt`, `CreatedBy`, `UpdatedAt`, `UpdatedBy`, `IsDeleted`, `LastOperationType`, `LastOperationRemark`) VALUES (7, 3, 1, '2026-06-21 21:03:47.000', 'system', '2026-06-21 21:03:47.000', 'system', b'0', 1, NULL);
INSERT IGNORE INTO `smt_equipment_package_types` (`Id`, `EquipmentTypeId`, `PackageTypeId`, `CreatedAt`, `CreatedBy`, `UpdatedAt`, `UpdatedBy`, `IsDeleted`, `LastOperationType`, `LastOperationRemark`) VALUES (8, 3, 1, '2026-06-21 21:03:47.000', 'system', '2026-06-21 21:03:47.000', 'system', b'0', 1, NULL);
INSERT IGNORE INTO `smt_equipment_package_types` (`Id`, `EquipmentTypeId`, `PackageTypeId`, `CreatedAt`, `CreatedBy`, `UpdatedAt`, `UpdatedBy`, `IsDeleted`, `LastOperationType`, `LastOperationRemark`) VALUES (9, 3, 1, '2026-06-21 21:03:47.000', 'system', '2026-06-21 21:03:47.000', 'system', b'0', 1, NULL);
INSERT IGNORE INTO `smt_equipment_package_types` (`Id`, `EquipmentTypeId`, `PackageTypeId`, `CreatedAt`, `CreatedBy`, `UpdatedAt`, `UpdatedBy`, `IsDeleted`, `LastOperationType`, `LastOperationRemark`) VALUES (10, 3, 1, '2026-06-21 21:03:47.000', 'system', '2026-06-21 21:03:47.000', 'system', b'0', 1, NULL);
INSERT IGNORE INTO `smt_equipment_package_types` (`Id`, `EquipmentTypeId`, `PackageTypeId`, `CreatedAt`, `CreatedBy`, `UpdatedAt`, `UpdatedBy`, `IsDeleted`, `LastOperationType`, `LastOperationRemark`) VALUES (11, 4, 1, '2026-06-21 21:03:47.000', 'system', '2026-06-21 21:03:47.000', 'system', b'0', 1, NULL);
INSERT IGNORE INTO `smt_equipment_package_types` (`Id`, `EquipmentTypeId`, `PackageTypeId`, `CreatedAt`, `CreatedBy`, `UpdatedAt`, `UpdatedBy`, `IsDeleted`, `LastOperationType`, `LastOperationRemark`) VALUES (12, 4, 2, '2026-06-21 21:03:47.000', 'system', '2026-06-21 21:03:47.000', 'system', b'0', 1, NULL);
INSERT IGNORE INTO `smt_equipment_package_types` (`Id`, `EquipmentTypeId`, `PackageTypeId`, `CreatedAt`, `CreatedBy`, `UpdatedAt`, `UpdatedBy`, `IsDeleted`, `LastOperationType`, `LastOperationRemark`) VALUES (13, 4, 3, '2026-06-21 21:03:47.000', 'system', '2026-06-21 21:03:47.000', 'system', b'0', 1, NULL);
INSERT IGNORE INTO `smt_equipment_package_types` (`Id`, `EquipmentTypeId`, `PackageTypeId`, `CreatedAt`, `CreatedBy`, `UpdatedAt`, `UpdatedBy`, `IsDeleted`, `LastOperationType`, `LastOperationRemark`) VALUES (14, 4, 4, '2026-06-21 21:03:47.000', 'system', '2026-06-21 21:03:47.000', 'system', b'0', 1, NULL);
INSERT IGNORE INTO `smt_equipment_package_types` (`Id`, `EquipmentTypeId`, `PackageTypeId`, `CreatedAt`, `CreatedBy`, `UpdatedAt`, `UpdatedBy`, `IsDeleted`, `LastOperationType`, `LastOperationRemark`) VALUES (15, 4, 5, '2026-06-21 21:03:47.000', 'system', '2026-06-21 21:03:47.000', 'system', b'0', 1, NULL);
INSERT IGNORE INTO `smt_equipment_package_types` (`Id`, `EquipmentTypeId`, `PackageTypeId`, `CreatedAt`, `CreatedBy`, `UpdatedAt`, `UpdatedBy`, `IsDeleted`, `LastOperationType`, `LastOperationRemark`) VALUES (16, 4, 1, '2026-06-21 21:03:47.000', 'system', '2026-06-21 21:03:47.000', 'system', b'0', 1, NULL);
INSERT IGNORE INTO `smt_equipment_package_types` (`Id`, `EquipmentTypeId`, `PackageTypeId`, `CreatedAt`, `CreatedBy`, `UpdatedAt`, `UpdatedBy`, `IsDeleted`, `LastOperationType`, `LastOperationRemark`) VALUES (17, 4, 1, '2026-06-21 21:03:47.000', 'system', '2026-06-21 21:03:47.000', 'system', b'0', 1, NULL);
INSERT IGNORE INTO `smt_equipment_package_types` (`Id`, `EquipmentTypeId`, `PackageTypeId`, `CreatedAt`, `CreatedBy`, `UpdatedAt`, `UpdatedBy`, `IsDeleted`, `LastOperationType`, `LastOperationRemark`) VALUES (18, 4, 1, '2026-06-21 21:03:47.000', 'system', '2026-06-21 21:03:47.000', 'system', b'0', 1, NULL);
INSERT IGNORE INTO `smt_equipment_package_types` (`Id`, `EquipmentTypeId`, `PackageTypeId`, `CreatedAt`, `CreatedBy`, `UpdatedAt`, `UpdatedBy`, `IsDeleted`, `LastOperationType`, `LastOperationRemark`) VALUES (19, 4, 1, '2026-06-21 21:03:47.000', 'system', '2026-06-21 21:03:47.000', 'system', b'0', 1, NULL);
INSERT IGNORE INTO `smt_equipment_package_types` (`Id`, `EquipmentTypeId`, `PackageTypeId`, `CreatedAt`, `CreatedBy`, `UpdatedAt`, `UpdatedBy`, `IsDeleted`, `LastOperationType`, `LastOperationRemark`) VALUES (20, 4, 1, '2026-06-21 21:03:47.000', 'system', '2026-06-21 21:03:47.000', 'system', b'0', 1, NULL);
INSERT IGNORE INTO `smt_equipment_package_types` (`Id`, `EquipmentTypeId`, `PackageTypeId`, `CreatedAt`, `CreatedBy`, `UpdatedAt`, `UpdatedBy`, `IsDeleted`, `LastOperationType`, `LastOperationRemark`) VALUES (21, 4, 1, '2026-06-21 21:03:47.000', 'system', '2026-06-21 21:03:47.000', 'system', b'0', 1, NULL);
INSERT IGNORE INTO `smt_equipment_package_types` (`Id`, `EquipmentTypeId`, `PackageTypeId`, `CreatedAt`, `CreatedBy`, `UpdatedAt`, `UpdatedBy`, `IsDeleted`, `LastOperationType`, `LastOperationRemark`) VALUES (22, 4, 1, '2026-06-21 21:03:47.000', 'system', '2026-06-21 21:03:47.000', 'system', b'0', 1, NULL);
INSERT IGNORE INTO `smt_equipment_package_types` (`Id`, `EquipmentTypeId`, `PackageTypeId`, `CreatedAt`, `CreatedBy`, `UpdatedAt`, `UpdatedBy`, `IsDeleted`, `LastOperationType`, `LastOperationRemark`) VALUES (23, 4, 1, '2026-06-21 21:03:47.000', 'system', '2026-06-21 21:03:47.000', 'system', b'0', 1, NULL);
INSERT IGNORE INTO `smt_equipment_package_types` (`Id`, `EquipmentTypeId`, `PackageTypeId`, `CreatedAt`, `CreatedBy`, `UpdatedAt`, `UpdatedBy`, `IsDeleted`, `LastOperationType`, `LastOperationRemark`) VALUES (24, 4, 1, '2026-06-21 21:03:47.000', 'system', '2026-06-21 21:03:47.000', 'system', b'0', 1, NULL);
INSERT IGNORE INTO `smt_equipment_package_types` (`Id`, `EquipmentTypeId`, `PackageTypeId`, `CreatedAt`, `CreatedBy`, `UpdatedAt`, `UpdatedBy`, `IsDeleted`, `LastOperationType`, `LastOperationRemark`) VALUES (25, 4, 1, '2026-06-21 21:03:47.000', 'system', '2026-06-21 21:03:47.000', 'system', b'0', 1, NULL);
INSERT IGNORE INTO `smt_equipment_package_types` (`Id`, `EquipmentTypeId`, `PackageTypeId`, `CreatedAt`, `CreatedBy`, `UpdatedAt`, `UpdatedBy`, `IsDeleted`, `LastOperationType`, `LastOperationRemark`) VALUES (26, 4, 1, '2026-06-21 21:03:47.000', 'system', '2026-06-21 21:03:47.000', 'system', b'0', 1, NULL);
INSERT IGNORE INTO `smt_equipment_package_types` (`Id`, `EquipmentTypeId`, `PackageTypeId`, `CreatedAt`, `CreatedBy`, `UpdatedAt`, `UpdatedBy`, `IsDeleted`, `LastOperationType`, `LastOperationRemark`) VALUES (27, 4, 1, '2026-06-21 21:03:47.000', 'system', '2026-06-21 21:03:47.000', 'system', b'0', 1, NULL);
INSERT IGNORE INTO `smt_equipment_package_types` (`Id`, `EquipmentTypeId`, `PackageTypeId`, `CreatedAt`, `CreatedBy`, `UpdatedAt`, `UpdatedBy`, `IsDeleted`, `LastOperationType`, `LastOperationRemark`) VALUES (28, 4, 1, '2026-06-21 21:03:47.000', 'system', '2026-06-21 21:03:47.000', 'system', b'0', 1, NULL);
INSERT IGNORE INTO `smt_equipment_package_types` (`Id`, `EquipmentTypeId`, `PackageTypeId`, `CreatedAt`, `CreatedBy`, `UpdatedAt`, `UpdatedBy`, `IsDeleted`, `LastOperationType`, `LastOperationRemark`) VALUES (29, 4, 1, '2026-06-21 21:03:47.000', 'system', '2026-06-21 21:03:47.000', 'system', b'0', 1, NULL);
INSERT IGNORE INTO `smt_equipment_package_types` (`Id`, `EquipmentTypeId`, `PackageTypeId`, `CreatedAt`, `CreatedBy`, `UpdatedAt`, `UpdatedBy`, `IsDeleted`, `LastOperationType`, `LastOperationRemark`) VALUES (30, 4, 1, '2026-06-21 21:03:47.000', 'system', '2026-06-21 21:03:47.000', 'system', b'0', 1, NULL);
INSERT IGNORE INTO `smt_equipment_package_types` (`Id`, `EquipmentTypeId`, `PackageTypeId`, `CreatedAt`, `CreatedBy`, `UpdatedAt`, `UpdatedBy`, `IsDeleted`, `LastOperationType`, `LastOperationRemark`) VALUES (31, 1, 1, '2026-06-21 21:03:47.000', 'system', '2026-06-21 21:03:47.000', 'system', b'0', 1, NULL);
INSERT IGNORE INTO `smt_equipment_package_types` (`Id`, `EquipmentTypeId`, `PackageTypeId`, `CreatedAt`, `CreatedBy`, `UpdatedAt`, `UpdatedBy`, `IsDeleted`, `LastOperationType`, `LastOperationRemark`) VALUES (32, 1, 2, '2026-06-21 21:03:47.000', 'system', '2026-06-21 21:03:47.000', 'system', b'0', 1, NULL);
INSERT IGNORE INTO `smt_equipment_package_types` (`Id`, `EquipmentTypeId`, `PackageTypeId`, `CreatedAt`, `CreatedBy`, `UpdatedAt`, `UpdatedBy`, `IsDeleted`, `LastOperationType`, `LastOperationRemark`) VALUES (33, 1, 3, '2026-06-21 21:03:47.000', 'system', '2026-06-21 21:03:47.000', 'system', b'0', 1, NULL);
INSERT IGNORE INTO `smt_equipment_package_types` (`Id`, `EquipmentTypeId`, `PackageTypeId`, `CreatedAt`, `CreatedBy`, `UpdatedAt`, `UpdatedBy`, `IsDeleted`, `LastOperationType`, `LastOperationRemark`) VALUES (34, 1, 1, '2026-06-21 21:03:47.000', 'system', '2026-06-21 21:03:47.000', 'system', b'0', 1, NULL);
INSERT IGNORE INTO `smt_equipment_package_types` (`Id`, `EquipmentTypeId`, `PackageTypeId`, `CreatedAt`, `CreatedBy`, `UpdatedAt`, `UpdatedBy`, `IsDeleted`, `LastOperationType`, `LastOperationRemark`) VALUES (35, 1, 1, '2026-06-21 21:03:47.000', 'system', '2026-06-21 21:03:47.000', 'system', b'0', 1, NULL);

-- smt_operations (9 rows)
INSERT IGNORE INTO `smt_operations` (`Id`, `OperationCode`, `OperationName`, `Description`, `StationId`, `EquipmentTypeId`, `CreatedAt`, `CreatedBy`, `UpdatedAt`, `UpdatedBy`, `IsDeleted`, `LastOperationType`, `LastOperationRemark`) VALUES (1, 'PRINTER', '锡膏印刷', '将锡膏印刷到 PCB 的焊盘上', NULL, 1, '2026-06-19 18:35:32.976', 'system', '2026-06-19 18:35:32.976', 'system', b'0', 1, NULL);
INSERT IGNORE INTO `smt_operations` (`Id`, `OperationCode`, `OperationName`, `Description`, `StationId`, `EquipmentTypeId`, `CreatedAt`, `CreatedBy`, `UpdatedAt`, `UpdatedBy`, `IsDeleted`, `LastOperationType`, `LastOperationRemark`) VALUES (2, 'SPI', 'SPI检测', '锡膏印刷检测', NULL, 2, '2026-06-19 18:35:32.976', 'system', '2026-06-19 18:35:32.976', 'system', b'0', 1, NULL);
INSERT IGNORE INTO `smt_operations` (`Id`, `OperationCode`, `OperationName`, `Description`, `StationId`, `EquipmentTypeId`, `CreatedAt`, `CreatedBy`, `UpdatedAt`, `UpdatedBy`, `IsDeleted`, `LastOperationType`, `LastOperationRemark`) VALUES (3, 'PLACEMENT', '贴片', '元器件贴装', NULL, 3, '2026-06-19 18:35:32.976', 'system', '2026-06-19 18:35:32.976', 'system', b'0', 1, NULL);
INSERT IGNORE INTO `smt_operations` (`Id`, `OperationCode`, `OperationName`, `Description`, `StationId`, `EquipmentTypeId`, `CreatedAt`, `CreatedBy`, `UpdatedAt`, `UpdatedBy`, `IsDeleted`, `LastOperationType`, `LastOperationRemark`) VALUES (4, 'AOI', 'AOI检测', '自动光学检测', NULL, 5, '2026-06-19 18:35:32.976', 'system', '2026-06-19 18:35:32.976', 'system', b'0', 1, NULL);
INSERT IGNORE INTO `smt_operations` (`Id`, `OperationCode`, `OperationName`, `Description`, `StationId`, `EquipmentTypeId`, `CreatedAt`, `CreatedBy`, `UpdatedAt`, `UpdatedBy`, `IsDeleted`, `LastOperationType`, `LastOperationRemark`) VALUES (5, 'REFLOW', '回流焊', '回流焊接', NULL, 4, '2026-06-19 18:35:32.976', 'system', '2026-06-19 18:35:32.976', 'system', b'0', 1, NULL);
INSERT IGNORE INTO `smt_operations` (`Id`, `OperationCode`, `OperationName`, `Description`, `StationId`, `EquipmentTypeId`, `CreatedAt`, `CreatedBy`, `UpdatedAt`, `UpdatedBy`, `IsDeleted`, `LastOperationType`, `LastOperationRemark`) VALUES (6, 'FCT', '功能测试', '产品下线功能测试', NULL, NULL, '2026-06-19 18:35:32.976', 'system', '2026-06-19 18:35:32.976', 'system', b'0', 1, NULL);
INSERT IGNORE INTO `smt_operations` (`Id`, `OperationCode`, `OperationName`, `Description`, `StationId`, `EquipmentTypeId`, `CreatedAt`, `CreatedBy`, `UpdatedAt`, `UpdatedBy`, `IsDeleted`, `LastOperationType`, `LastOperationRemark`) VALUES (32, 'TAPI-PRINTER', '测试-锡膏印刷', '测试工序', NULL, 9016, '2026-06-21 21:32:10.717', 'test', '2026-06-21 21:32:10.717', 'test', b'0', 1, NULL);
INSERT IGNORE INTO `smt_operations` (`Id`, `OperationCode`, `OperationName`, `Description`, `StationId`, `EquipmentTypeId`, `CreatedAt`, `CreatedBy`, `UpdatedAt`, `UpdatedBy`, `IsDeleted`, `LastOperationType`, `LastOperationRemark`) VALUES (33, 'TAPI-SPI', '测试-SPI检测', '测试工序', NULL, 9017, '2026-06-21 21:32:10.719', 'test', '2026-06-21 21:32:10.719', 'test', b'0', 1, NULL);
INSERT IGNORE INTO `smt_operations` (`Id`, `OperationCode`, `OperationName`, `Description`, `StationId`, `EquipmentTypeId`, `CreatedAt`, `CreatedBy`, `UpdatedAt`, `UpdatedBy`, `IsDeleted`, `LastOperationType`, `LastOperationRemark`) VALUES (34, 'TAPI-REFLOW', '测试-回流焊接', '测试工序', NULL, 9018, '2026-06-21 21:32:10.722', 'test', '2026-06-21 21:32:10.722', 'test', b'0', 1, NULL);

-- smt_routes (4 rows)
INSERT IGNORE INTO `smt_routes` (`Id`, `RouteCode`, `RouteName`, `ProductTypeId`, `Description`, `Status`, `CreatedAt`, `CreatedBy`, `UpdatedAt`, `UpdatedBy`, `IsDeleted`, `LastOperationType`, `LastOperationRemark`) VALUES (1, 'ROUTE-STD', '手机主板标准工艺', 1, '标准SMT生产工艺路线', 2, '2026-06-19 18:35:33.000', 'system', '2026-06-19 18:35:33.000', 'system', b'0', 1, NULL);
INSERT IGNORE INTO `smt_routes` (`Id`, `RouteCode`, `RouteName`, `ProductTypeId`, `Description`, `Status`, `CreatedAt`, `CreatedBy`, `UpdatedAt`, `UpdatedBy`, `IsDeleted`, `LastOperationType`, `LastOperationRemark`) VALUES (2, 'ROUTE-AUTO', '汽车电子工艺', 2, '汽车电子专用工艺路线', 2, '2026-06-19 18:35:33.000', 'system', '2026-06-19 18:35:33.000', 'system', b'0', 1, NULL);
INSERT IGNORE INTO `smt_routes` (`Id`, `RouteCode`, `RouteName`, `ProductTypeId`, `Description`, `Status`, `CreatedAt`, `CreatedBy`, `UpdatedAt`, `UpdatedBy`, `IsDeleted`, `LastOperationType`, `LastOperationRemark`) VALUES (3, 'ROUTE-IND', '工业控制工艺', 3, '工业控制产品工艺路线', 2, '2026-06-19 18:35:33.000', 'system', '2026-06-19 18:35:33.000', 'system', b'0', 1, NULL);
INSERT IGNORE INTO `smt_routes` (`Id`, `RouteCode`, `RouteName`, `ProductTypeId`, `Description`, `Status`, `CreatedAt`, `CreatedBy`, `UpdatedAt`, `UpdatedBy`, `IsDeleted`, `LastOperationType`, `LastOperationRemark`) VALUES (9, 'TAPI-ROUTE', '测试PCB标准工艺', 11, NULL, 2, '2026-06-21 21:32:10.713', 'test', '2026-06-21 21:32:10.713', 'test', b'0', 1, NULL);

-- smt_route_steps (0 rows)

-- smt_work_orders (24 rows)
INSERT IGNORE INTO `smt_work_orders` (`Id`, `WorkOrderCode`, `ProductId`, `RouteId`, `PlannedQuantity`, `DueDate`, `Status`, `CreatedAt`, `CreatedBy`, `UpdatedAt`, `UpdatedBy`, `IsDeleted`, `LastOperationType`, `LastOperationRemark`) VALUES (13, 'WO202606190013', 1, 1, 1000, '2026-06-25 18:00:00', 3, '2026-06-19 18:35:33.014', 'system', '2026-06-20 02:59:32.018', 'system', b'0', 1, NULL);
INSERT IGNORE INTO `smt_work_orders` (`Id`, `WorkOrderCode`, `ProductId`, `RouteId`, `PlannedQuantity`, `DueDate`, `Status`, `CreatedAt`, `CreatedBy`, `UpdatedAt`, `UpdatedBy`, `IsDeleted`, `LastOperationType`, `LastOperationRemark`) VALUES (14, 'WO202606190014', 3, 2, 800, '2026-06-26 18:00:00', 3, '2026-06-19 18:35:33.014', 'system', '2026-06-20 23:05:34.803', 'system', b'0', 1, NULL);
INSERT IGNORE INTO `smt_work_orders` (`Id`, `WorkOrderCode`, `ProductId`, `RouteId`, `PlannedQuantity`, `DueDate`, `Status`, `CreatedAt`, `CreatedBy`, `UpdatedAt`, `UpdatedBy`, `IsDeleted`, `LastOperationType`, `LastOperationRemark`) VALUES (15, 'WO202606190015', 4, 2, 1200, '2026-06-27 18:00:00', 3, '2026-06-19 18:35:33.014', 'system', '2026-06-19 18:35:33.014', 'system', b'0', 1, NULL);
INSERT IGNORE INTO `smt_work_orders` (`Id`, `WorkOrderCode`, `ProductId`, `RouteId`, `PlannedQuantity`, `DueDate`, `Status`, `CreatedAt`, `CreatedBy`, `UpdatedAt`, `UpdatedBy`, `IsDeleted`, `LastOperationType`, `LastOperationRemark`) VALUES (16, 'WO202606190016', 5, 3, 500, '2026-06-28 18:00:00', 3, '2026-06-19 18:35:33.014', 'system', '2026-06-19 18:35:33.014', 'system', b'0', 1, NULL);
INSERT IGNORE INTO `smt_work_orders` (`Id`, `WorkOrderCode`, `ProductId`, `RouteId`, `PlannedQuantity`, `DueDate`, `Status`, `CreatedAt`, `CreatedBy`, `UpdatedAt`, `UpdatedBy`, `IsDeleted`, `LastOperationType`, `LastOperationRemark`) VALUES (17, 'WO202606190017', 2, 1, 900, '2026-06-29 18:00:00', 3, '2026-06-19 18:35:33.014', 'system', '2026-06-19 18:35:33.014', 'system', b'0', 1, NULL);
INSERT IGNORE INTO `smt_work_orders` (`Id`, `WorkOrderCode`, `ProductId`, `RouteId`, `PlannedQuantity`, `DueDate`, `Status`, `CreatedAt`, `CreatedBy`, `UpdatedAt`, `UpdatedBy`, `IsDeleted`, `LastOperationType`, `LastOperationRemark`) VALUES (18, 'WO202606190018', 1, 1, 1500, '2026-06-30 18:00:00', 3, '2026-06-19 18:35:33.014', 'system', '2026-06-19 23:18:55.325', 'system', b'0', 1, NULL);
INSERT IGNORE INTO `smt_work_orders` (`Id`, `WorkOrderCode`, `ProductId`, `RouteId`, `PlannedQuantity`, `DueDate`, `Status`, `CreatedAt`, `CreatedBy`, `UpdatedAt`, `UpdatedBy`, `IsDeleted`, `LastOperationType`, `LastOperationRemark`) VALUES (19, 'WO202606190019', 2, 1, 1000, '2026-06-28 18:00:00', 4, '2026-06-19 18:35:33.014', 'system', '2026-06-19 18:35:33.014', 'system', b'0', 1, NULL);
INSERT IGNORE INTO `smt_work_orders` (`Id`, `WorkOrderCode`, `ProductId`, `RouteId`, `PlannedQuantity`, `DueDate`, `Status`, `CreatedAt`, `CreatedBy`, `UpdatedAt`, `UpdatedBy`, `IsDeleted`, `LastOperationType`, `LastOperationRemark`) VALUES (20, 'WO202606190020', 3, 2, 700, '2026-06-29 18:00:00', 4, '2026-06-19 18:35:33.014', 'system', '2026-06-19 18:35:33.014', 'system', b'0', 1, NULL);
INSERT IGNORE INTO `smt_work_orders` (`Id`, `WorkOrderCode`, `ProductId`, `RouteId`, `PlannedQuantity`, `DueDate`, `Status`, `CreatedAt`, `CreatedBy`, `UpdatedAt`, `UpdatedBy`, `IsDeleted`, `LastOperationType`, `LastOperationRemark`) VALUES (21, 'WO202606190021', 5, 3, 350, '2026-06-30 18:00:00', 3, '2026-06-19 18:35:33.014', 'system', '2026-06-19 23:19:03.933', 'system', b'0', 1, NULL);
INSERT IGNORE INTO `smt_work_orders` (`Id`, `WorkOrderCode`, `ProductId`, `RouteId`, `PlannedQuantity`, `DueDate`, `Status`, `CreatedAt`, `CreatedBy`, `UpdatedAt`, `UpdatedBy`, `IsDeleted`, `LastOperationType`, `LastOperationRemark`) VALUES (22, 'WO202606190022', 1, 1, 1000, '2026-06-20 18:00:00', 6, '2026-06-19 18:35:33.014', 'system', '2026-06-19 23:18:58.618', 'system', b'0', 1, NULL);
INSERT IGNORE INTO `smt_work_orders` (`Id`, `WorkOrderCode`, `ProductId`, `RouteId`, `PlannedQuantity`, `DueDate`, `Status`, `CreatedAt`, `CreatedBy`, `UpdatedAt`, `UpdatedBy`, `IsDeleted`, `LastOperationType`, `LastOperationRemark`) VALUES (23, 'WO202606190023', 2, 1, 1500, '2026-06-21 18:00:00', 5, '2026-06-19 18:35:33.014', 'system', '2026-06-19 18:35:33.014', 'system', b'0', 1, NULL);
INSERT IGNORE INTO `smt_work_orders` (`Id`, `WorkOrderCode`, `ProductId`, `RouteId`, `PlannedQuantity`, `DueDate`, `Status`, `CreatedAt`, `CreatedBy`, `UpdatedAt`, `UpdatedBy`, `IsDeleted`, `LastOperationType`, `LastOperationRemark`) VALUES (24, 'WO202606190024', 3, 2, 800, '2026-06-22 18:00:00', 5, '2026-06-19 18:35:33.014', 'system', '2026-06-19 18:35:33.014', 'system', b'0', 1, NULL);
INSERT IGNORE INTO `smt_work_orders` (`Id`, `WorkOrderCode`, `ProductId`, `RouteId`, `PlannedQuantity`, `DueDate`, `Status`, `CreatedAt`, `CreatedBy`, `UpdatedAt`, `UpdatedBy`, `IsDeleted`, `LastOperationType`, `LastOperationRemark`) VALUES (25, 'WO202606190025', 4, 2, 2000, '2026-06-23 18:00:00', 5, '2026-06-19 18:35:33.014', 'system', '2026-06-19 18:35:33.014', 'system', b'0', 1, NULL);
INSERT IGNORE INTO `smt_work_orders` (`Id`, `WorkOrderCode`, `ProductId`, `RouteId`, `PlannedQuantity`, `DueDate`, `Status`, `CreatedAt`, `CreatedBy`, `UpdatedAt`, `UpdatedBy`, `IsDeleted`, `LastOperationType`, `LastOperationRemark`) VALUES (26, 'WO202606190026', 5, 3, 500, '2026-06-24 18:00:00', 5, '2026-06-19 18:35:33.014', 'system', '2026-06-19 18:35:33.014', 'system', b'0', 1, NULL);
INSERT IGNORE INTO `smt_work_orders` (`Id`, `WorkOrderCode`, `ProductId`, `RouteId`, `PlannedQuantity`, `DueDate`, `Status`, `CreatedAt`, `CreatedBy`, `UpdatedAt`, `UpdatedBy`, `IsDeleted`, `LastOperationType`, `LastOperationRemark`) VALUES (31, '202606190001', 1, 1, 1000, '2026-06-30 18:00:00', 2, '2026-06-19 18:59:41.328', 'system', '2026-06-19 19:32:24.557', 'system', b'0', 1, NULL);
INSERT IGNORE INTO `smt_work_orders` (`Id`, `WorkOrderCode`, `ProductId`, `RouteId`, `PlannedQuantity`, `DueDate`, `Status`, `CreatedAt`, `CreatedBy`, `UpdatedAt`, `UpdatedBy`, `IsDeleted`, `LastOperationType`, `LastOperationRemark`) VALUES (32, '202606190002', 1, 1, 1000, '2026-06-30 18:00:00', 1, '2026-06-19 19:07:15.068', 'system', '2026-06-19 19:10:36.586', 'system', b'1', 3, NULL);
INSERT IGNORE INTO `smt_work_orders` (`Id`, `WorkOrderCode`, `ProductId`, `RouteId`, `PlannedQuantity`, `DueDate`, `Status`, `CreatedAt`, `CreatedBy`, `UpdatedAt`, `UpdatedBy`, `IsDeleted`, `LastOperationType`, `LastOperationRemark`) VALUES (33, '202606190003', 5, 3, 1300, '2026-06-11 18:00:00', 2, '2026-06-19 21:51:55.272', 'system', '2026-06-19 23:18:22.752', 'system', b'0', 1, NULL);
INSERT IGNORE INTO `smt_work_orders` (`Id`, `WorkOrderCode`, `ProductId`, `RouteId`, `PlannedQuantity`, `DueDate`, `Status`, `CreatedAt`, `CreatedBy`, `UpdatedAt`, `UpdatedBy`, `IsDeleted`, `LastOperationType`, `LastOperationRemark`) VALUES (34, '202606200001', 5, 3, 1800, '2026-06-17 18:00:00', 2, '2026-06-20 01:13:26.972', 'system', '2026-06-20 01:13:39.730', 'system', b'0', 1, NULL);
INSERT IGNORE INTO `smt_work_orders` (`Id`, `WorkOrderCode`, `ProductId`, `RouteId`, `PlannedQuantity`, `DueDate`, `Status`, `CreatedAt`, `CreatedBy`, `UpdatedAt`, `UpdatedBy`, `IsDeleted`, `LastOperationType`, `LastOperationRemark`) VALUES (35, '202606200002', 3, 2, 1200, '2026-06-04 18:00:00', 2, '2026-06-20 02:53:57.435', 'system', '2026-06-20 02:59:11.146', 'system', b'0', 1, NULL);
INSERT IGNORE INTO `smt_work_orders` (`Id`, `WorkOrderCode`, `ProductId`, `RouteId`, `PlannedQuantity`, `DueDate`, `Status`, `CreatedAt`, `CreatedBy`, `UpdatedAt`, `UpdatedBy`, `IsDeleted`, `LastOperationType`, `LastOperationRemark`) VALUES (36, '202606200003', 2, 1, 1300, '2026-06-10 18:00:00', 2, '2026-06-20 03:00:58.574', 'system', '2026-06-20 03:01:06.037', 'system', b'0', 1, NULL);
INSERT IGNORE INTO `smt_work_orders` (`Id`, `WorkOrderCode`, `ProductId`, `RouteId`, `PlannedQuantity`, `DueDate`, `Status`, `CreatedAt`, `CreatedBy`, `UpdatedAt`, `UpdatedBy`, `IsDeleted`, `LastOperationType`, `LastOperationRemark`) VALUES (37, '202606200004', 3, 2, 1900, '2026-06-21 18:00:00', 2, '2026-06-20 13:07:56.232', 'system', '2026-06-20 13:08:08.783', 'system', b'0', 1, NULL);
INSERT IGNORE INTO `smt_work_orders` (`Id`, `WorkOrderCode`, `ProductId`, `RouteId`, `PlannedQuantity`, `DueDate`, `Status`, `CreatedAt`, `CreatedBy`, `UpdatedAt`, `UpdatedBy`, `IsDeleted`, `LastOperationType`, `LastOperationRemark`) VALUES (38, '202606200005', 5, 3, 1000, '2026-06-10 18:00:00', 2, '2026-06-20 14:05:00.329', 'system', '2026-06-20 14:05:05.302', 'system', b'0', 1, NULL);
INSERT IGNORE INTO `smt_work_orders` (`Id`, `WorkOrderCode`, `ProductId`, `RouteId`, `PlannedQuantity`, `DueDate`, `Status`, `CreatedAt`, `CreatedBy`, `UpdatedAt`, `UpdatedBy`, `IsDeleted`, `LastOperationType`, `LastOperationRemark`) VALUES (44, 'TAPI-WO-001', 12, 9, 1000, '2026-06-28 21:32:10', 2, '2026-06-21 21:32:10.787', 'test', '2026-06-21 21:32:10.787', 'test', b'0', 1, NULL);
INSERT IGNORE INTO `smt_work_orders` (`Id`, `WorkOrderCode`, `ProductId`, `RouteId`, `PlannedQuantity`, `DueDate`, `Status`, `CreatedAt`, `CreatedBy`, `UpdatedAt`, `UpdatedBy`, `IsDeleted`, `LastOperationType`, `LastOperationRemark`) VALUES (45, '202606220001', 5, 3, 1000, '2026-06-11 18:00:00', 3, '2026-06-22 15:14:50.332', 'system', '2026-06-22 15:15:29.619', 'system', b'0', 1, NULL);

-- smt_users (30 rows)
INSERT IGNORE INTO `smt_users` (`Id`, `Username`, `PasswordHash`, `FullName`, `Department`, `Position`, `Contact`, `CreatedAt`, `CreatedBy`, `UpdatedAt`, `UpdatedBy`, `IsDeleted`, `LastOperationType`, `LastOperationRemark`) VALUES (1, 'zhangsan001', 'e10adc3949ba59abbe56e057f20f883e', '张三', '技术部', '后端开发', '13800138000', '2026-05-25 09:40:40.229', 'system', '2026-05-25 09:40:40.229', 'system', b'0', 1, NULL);
INSERT IGNORE INTO `smt_users` (`Id`, `Username`, `PasswordHash`, `FullName`, `Department`, `Position`, `Contact`, `CreatedAt`, `CreatedBy`, `UpdatedAt`, `UpdatedBy`, `IsDeleted`, `LastOperationType`, `LastOperationRemark`) VALUES (2, 'lisi002', 'c33367701511b4f6020ec61ded352059', '李四', '生产部', '生产主管', '13900139000', '2026-05-25 11:37:41.878', 'system', '2026-05-25 11:37:41.878', 'system', b'0', 1, NULL);
INSERT IGNORE INTO `smt_users` (`Id`, `Username`, `PasswordHash`, `FullName`, `Department`, `Position`, `Contact`, `CreatedAt`, `CreatedBy`, `UpdatedAt`, `UpdatedBy`, `IsDeleted`, `LastOperationType`, `LastOperationRemark`) VALUES (3, 'wangwu003', '00b7691d86d96aebd21dd9e138f90840', '王五', '质量部', '质量工程师', '13700137000', '2026-05-25 11:37:46.960', 'system', '2026-05-25 11:37:46.960', 'system', b'0', 1, NULL);
INSERT IGNORE INTO `smt_users` (`Id`, `Username`, `PasswordHash`, `FullName`, `Department`, `Position`, `Contact`, `CreatedAt`, `CreatedBy`, `UpdatedAt`, `UpdatedBy`, `IsDeleted`, `LastOperationType`, `LastOperationRemark`) VALUES (4, 'zhaoliu004', 'abf156f3cf64496f9da2cabca68d95fe', '赵六', 'SMT车间', 'RTM操作员', '13600136000', '2026-05-25 11:37:51.415', 'system', '2026-05-25 11:37:51.415', 'system', b'0', 1, NULL);
INSERT IGNORE INTO `smt_users` (`Id`, `Username`, `PasswordHash`, `FullName`, `Department`, `Position`, `Contact`, `CreatedAt`, `CreatedBy`, `UpdatedAt`, `UpdatedBy`, `IsDeleted`, `LastOperationType`, `LastOperationRemark`) VALUES (5, 'zhangsan', 'e10adc3949ba59abbe56e057f20f883e', '张三', 'SMT车间', '操作工', '13800000000', '2026-06-21 20:10:18.633', 'system', '2026-06-21 20:10:18.633', 'system', b'0', 1, NULL);
INSERT IGNORE INTO `smt_users` (`Id`, `Username`, `PasswordHash`, `FullName`, `Department`, `Position`, `Contact`, `CreatedAt`, `CreatedBy`, `UpdatedAt`, `UpdatedBy`, `IsDeleted`, `LastOperationType`, `LastOperationRemark`) VALUES (6, 'lisi', 'e10adc3949ba59abbe56e057f20f883e', '李四', 'SMT车间', '操作工', '13800000001', '2026-06-21 20:10:43.729', 'system', '2026-06-21 20:10:43.729', 'system', b'0', 1, NULL);
INSERT IGNORE INTO `smt_users` (`Id`, `Username`, `PasswordHash`, `FullName`, `Department`, `Position`, `Contact`, `CreatedAt`, `CreatedBy`, `UpdatedAt`, `UpdatedBy`, `IsDeleted`, `LastOperationType`, `LastOperationRemark`) VALUES (7, 'wangwu', 'e10adc3949ba59abbe56e057f20f883e', '王五', 'SMT车间', '操作工', '13800000002', '2026-06-21 20:10:56.977', 'system', '2026-06-21 20:10:56.977', 'system', b'0', 1, NULL);
INSERT IGNORE INTO `smt_users` (`Id`, `Username`, `PasswordHash`, `FullName`, `Department`, `Position`, `Contact`, `CreatedAt`, `CreatedBy`, `UpdatedAt`, `UpdatedBy`, `IsDeleted`, `LastOperationType`, `LastOperationRemark`) VALUES (8, 'zhang_san', '$2a$10$N9qo8uLOickgx2ZMRZoMye.IjzqAKL9xL5jvMFVdNJHvGCgTq/VEq', '张三', 'SMT车间', '操作工', NULL, '2026-06-21 20:21:34.000', 'system', '2026-06-21 20:21:34.000', 'system', b'0', 1, NULL);
INSERT IGNORE INTO `smt_users` (`Id`, `Username`, `PasswordHash`, `FullName`, `Department`, `Position`, `Contact`, `CreatedAt`, `CreatedBy`, `UpdatedAt`, `UpdatedBy`, `IsDeleted`, `LastOperationType`, `LastOperationRemark`) VALUES (9, 'li_si', '$2a$10$N9qo8uLOickgx2ZMRZoMye.IjzqAKL9xL5jvMFVdNJHvGCgTq/VEq', '李四', 'SMT车间', '操作工', NULL, '2026-06-21 20:21:34.000', 'system', '2026-06-21 20:21:34.000', 'system', b'0', 1, NULL);
INSERT IGNORE INTO `smt_users` (`Id`, `Username`, `PasswordHash`, `FullName`, `Department`, `Position`, `Contact`, `CreatedAt`, `CreatedBy`, `UpdatedAt`, `UpdatedBy`, `IsDeleted`, `LastOperationType`, `LastOperationRemark`) VALUES (10, 'wang_wu', '$2a$10$N9qo8uLOickgx2ZMRZoMye.IjzqAKL9xL5jvMFVdNJHvGCgTq/VEq', '王五', 'SMT车间', '操作工', NULL, '2026-06-21 20:21:34.000', 'system', '2026-06-21 20:21:34.000', 'system', b'0', 1, NULL);
INSERT IGNORE INTO `smt_users` (`Id`, `Username`, `PasswordHash`, `FullName`, `Department`, `Position`, `Contact`, `CreatedAt`, `CreatedBy`, `UpdatedAt`, `UpdatedBy`, `IsDeleted`, `LastOperationType`, `LastOperationRemark`) VALUES (11, 'zhao_liu', '$2a$10$N9qo8uLOickgx2ZMRZoMye.IjzqAKL9xL5jvMFVdNJHvGCgTq/VEq', '赵六', 'SMT车间', '操作工', NULL, '2026-06-21 20:21:34.000', 'system', '2026-06-21 20:21:34.000', 'system', b'0', 1, NULL);
INSERT IGNORE INTO `smt_users` (`Id`, `Username`, `PasswordHash`, `FullName`, `Department`, `Position`, `Contact`, `CreatedAt`, `CreatedBy`, `UpdatedAt`, `UpdatedBy`, `IsDeleted`, `LastOperationType`, `LastOperationRemark`) VALUES (12, 'sun_qi', '$2a$10$N9qo8uLOickgx2ZMRZoMye.IjzqAKL9xL5jvMFVdNJHvGCgTq/VEq', '孙七', 'SMT车间', '操作工', NULL, '2026-06-21 20:21:34.000', 'system', '2026-06-21 20:21:34.000', 'system', b'0', 1, NULL);
INSERT IGNORE INTO `smt_users` (`Id`, `Username`, `PasswordHash`, `FullName`, `Department`, `Position`, `Contact`, `CreatedAt`, `CreatedBy`, `UpdatedAt`, `UpdatedBy`, `IsDeleted`, `LastOperationType`, `LastOperationRemark`) VALUES (13, 'zhou_ba', '$2a$10$N9qo8uLOickgx2ZMRZoMye.IjzqAKL9xL5jvMFVdNJHvGCgTq/VEq', '周八', 'SMT车间', '操作工', NULL, '2026-06-21 20:21:34.000', 'system', '2026-06-21 20:21:34.000', 'system', b'0', 1, NULL);
INSERT IGNORE INTO `smt_users` (`Id`, `Username`, `PasswordHash`, `FullName`, `Department`, `Position`, `Contact`, `CreatedAt`, `CreatedBy`, `UpdatedAt`, `UpdatedBy`, `IsDeleted`, `LastOperationType`, `LastOperationRemark`) VALUES (14, 'wu_jiu', '$2a$10$N9qo8uLOickgx2ZMRZoMye.IjzqAKL9xL5jvMFVdNJHvGCgTq/VEq', '吴九', 'SMT车间', '操作工', NULL, '2026-06-21 20:21:34.000', 'system', '2026-06-21 20:21:34.000', 'system', b'0', 1, NULL);
INSERT IGNORE INTO `smt_users` (`Id`, `Username`, `PasswordHash`, `FullName`, `Department`, `Position`, `Contact`, `CreatedAt`, `CreatedBy`, `UpdatedAt`, `UpdatedBy`, `IsDeleted`, `LastOperationType`, `LastOperationRemark`) VALUES (15, 'zheng_shi', '$2a$10$N9qo8uLOickgx2ZMRZoMye.IjzqAKL9xL5jvMFVdNJHvGCgTq/VEq', '郑十', 'SMT车间', '操作工', NULL, '2026-06-21 20:21:34.000', 'system', '2026-06-21 20:21:34.000', 'system', b'0', 1, NULL);
INSERT IGNORE INTO `smt_users` (`Id`, `Username`, `PasswordHash`, `FullName`, `Department`, `Position`, `Contact`, `CreatedAt`, `CreatedBy`, `UpdatedAt`, `UpdatedBy`, `IsDeleted`, `LastOperationType`, `LastOperationRemark`) VALUES (16, 'chen_team', '$2a$10$N9qo8uLOickgx2ZMRZoMye.IjzqAKL9xL5jvMFVdNJHvGCgTq/VEq', '陈组长', 'SMT车间', '班组长', NULL, '2026-06-21 20:21:34.000', 'system', '2026-06-21 20:21:34.000', 'system', b'0', 1, NULL);
INSERT IGNORE INTO `smt_users` (`Id`, `Username`, `PasswordHash`, `FullName`, `Department`, `Position`, `Contact`, `CreatedAt`, `CreatedBy`, `UpdatedAt`, `UpdatedBy`, `IsDeleted`, `LastOperationType`, `LastOperationRemark`) VALUES (17, 'liu_team', '$2a$10$N9qo8uLOickgx2ZMRZoMye.IjzqAKL9xL5jvMFVdNJHvGCgTq/VEq', '刘组长', 'SMT车间', '班组长', NULL, '2026-06-21 20:21:34.000', 'system', '2026-06-21 20:21:34.000', 'system', b'0', 1, NULL);
INSERT IGNORE INTO `smt_users` (`Id`, `Username`, `PasswordHash`, `FullName`, `Department`, `Position`, `Contact`, `CreatedAt`, `CreatedBy`, `UpdatedAt`, `UpdatedBy`, `IsDeleted`, `LastOperationType`, `LastOperationRemark`) VALUES (18, 'gao_team', '$2a$10$N9qo8uLOickgx2ZMRZoMye.IjzqAKL9xL5jvMFVdNJHvGCgTq/VEq', '高组长', 'SMT车间', '班组长', NULL, '2026-06-21 20:21:34.000', 'system', '2026-06-21 20:21:34.000', 'system', b'0', 1, NULL);
INSERT IGNORE INTO `smt_users` (`Id`, `Username`, `PasswordHash`, `FullName`, `Department`, `Position`, `Contact`, `CreatedAt`, `CreatedBy`, `UpdatedAt`, `UpdatedBy`, `IsDeleted`, `LastOperationType`, `LastOperationRemark`) VALUES (31, 'admin', 'e10adc3949ba59abbe56e057f20f883e', '系统管理员', '信息部', 'RTM管理员', 'admin@factory.local', '2026-07-05 21:50:08.255', 'seed', '2026-07-05 21:50:08.255', 'seed', b'0', 1, NULL);
INSERT IGNORE INTO `smt_users` (`Id`, `Username`, `PasswordHash`, `FullName`, `Department`, `Position`, `Contact`, `CreatedAt`, `CreatedBy`, `UpdatedAt`, `UpdatedBy`, `IsDeleted`, `LastOperationType`, `LastOperationRemark`) VALUES (32, 'supervisor01', 'e10adc3949ba59abbe56e057f20f883e', '王主管', '生产部', '生产主管', 'pm01@factory.local', '2026-07-05 21:50:08.255', 'seed', '2026-07-05 21:59:41.121', 'seed', b'0', 1, NULL);
INSERT IGNORE INTO `smt_users` (`Id`, `Username`, `PasswordHash`, `FullName`, `Department`, `Position`, `Contact`, `CreatedAt`, `CreatedBy`, `UpdatedAt`, `UpdatedBy`, `IsDeleted`, `LastOperationType`, `LastOperationRemark`) VALUES (33, 'monitor01', 'e10adc3949ba59abbe56e057f20f883e', '李班长', 'SMT车间', '班组长', 'tl01@factory.local', '2026-07-05 21:50:08.255', 'seed', '2026-07-05 21:58:46.017', 'seed', b'0', 1, NULL);
INSERT IGNORE INTO `smt_users` (`Id`, `Username`, `PasswordHash`, `FullName`, `Department`, `Position`, `Contact`, `CreatedAt`, `CreatedBy`, `UpdatedAt`, `UpdatedBy`, `IsDeleted`, `LastOperationType`, `LastOperationRemark`) VALUES (34, 'operator01', 'e10adc3949ba59abbe56e057f20f883e', '张工', 'SMT车间', '操作工', 'op01@factory.local', '2026-07-05 21:50:08.255', 'seed', '2026-07-06 02:36:37.229', 'seed', b'0', 1, NULL);
INSERT IGNORE INTO `smt_users` (`Id`, `Username`, `PasswordHash`, `FullName`, `Department`, `Position`, `Contact`, `CreatedAt`, `CreatedBy`, `UpdatedAt`, `UpdatedBy`, `IsDeleted`, `LastOperationType`, `LastOperationRemark`) VALUES (35, 'quality01', 'e10adc3949ba59abbe56e057f20f883e', '质量工程师', '质量部', '质量工程师', 'qe01@factory.local', '2026-07-05 21:50:08.255', 'seed', '2026-07-05 22:00:37.424', 'seed', b'0', 1, NULL);
INSERT IGNORE INTO `smt_users` (`Id`, `Username`, `PasswordHash`, `FullName`, `Department`, `Position`, `Contact`, `CreatedAt`, `CreatedBy`, `UpdatedAt`, `UpdatedBy`, `IsDeleted`, `LastOperationType`, `LastOperationRemark`) VALUES (36, 'admin1', 'e10adc3949ba59abbe56e057f20f883e', 'hht', 'SMT车间', '操作工', '', '2026-07-21 09:59:25.374', 'system', '2026-07-21 09:59:25.374', 'system', b'0', 1, NULL);
INSERT IGNORE INTO `smt_users` (`Id`, `Username`, `PasswordHash`, `FullName`, `Department`, `Position`, `Contact`, `CreatedAt`, `CreatedBy`, `UpdatedAt`, `UpdatedBy`, `IsDeleted`, `LastOperationType`, `LastOperationRemark`) VALUES (37, 'supervisor02', 'e10adc3949ba59abbe56e057f20f883e', '', 'SMT车间', '生产主管', '', '2026-07-21 10:02:09.583', 'system', '2026-07-21 10:02:09.583', 'system', b'0', 1, NULL);
INSERT IGNORE INTO `smt_users` (`Id`, `Username`, `PasswordHash`, `FullName`, `Department`, `Position`, `Contact`, `CreatedAt`, `CreatedBy`, `UpdatedAt`, `UpdatedBy`, `IsDeleted`, `LastOperationType`, `LastOperationRemark`) VALUES (38, 'vgffewfe', '3d5cb937416bbcd58e38b107a57bb17d', 'wqdwq', 'SMT车间', '质量工程师', '', '2026-07-21 10:23:51.067', 'system', '2026-07-21 10:23:51.067', 'system', b'0', 1, NULL);
INSERT IGNORE INTO `smt_users` (`Id`, `Username`, `PasswordHash`, `FullName`, `Department`, `Position`, `Contact`, `CreatedAt`, `CreatedBy`, `UpdatedAt`, `UpdatedBy`, `IsDeleted`, `LastOperationType`, `LastOperationRemark`) VALUES (39, 'supervisor03', 'e10adc3949ba59abbe56e057f20f883e', 'hht', 'SMT车间', '生产主管', '15627873823', '2026-07-21 14:29:08.275', 'system', '2026-07-21 14:29:08.275', 'system', b'0', 1, NULL);
INSERT IGNORE INTO `smt_users` (`Id`, `Username`, `PasswordHash`, `FullName`, `Department`, `Position`, `Contact`, `CreatedAt`, `CreatedBy`, `UpdatedAt`, `UpdatedBy`, `IsDeleted`, `LastOperationType`, `LastOperationRemark`) VALUES (40, 'monitor02', 'e10adc3949ba59abbe56e057f20f883e', 'hgx', 'SMT车间', '班组长', '1234567865432', '2026-07-21 14:46:22.205', 'system', '2026-07-21 14:46:22.205', 'system', b'0', 1, NULL);
INSERT IGNORE INTO `smt_users` (`Id`, `Username`, `PasswordHash`, `FullName`, `Department`, `Position`, `Contact`, `CreatedAt`, `CreatedBy`, `UpdatedAt`, `UpdatedBy`, `IsDeleted`, `LastOperationType`, `LastOperationRemark`) VALUES (41, 'operater02', 'e10adc3949ba59abbe56e057f20f883e', 'hgx1', 'SMT车间', '操作工', '12345678', '2026-07-21 14:47:01.054', 'system', '2026-07-21 14:47:01.054', 'system', b'0', 1, NULL);
INSERT IGNORE INTO `smt_users` (`Id`, `Username`, `PasswordHash`, `FullName`, `Department`, `Position`, `Contact`, `CreatedAt`, `CreatedBy`, `UpdatedAt`, `UpdatedBy`, `IsDeleted`, `LastOperationType`, `LastOperationRemark`) VALUES (42, 'quality02', 'e10adc3949ba59abbe56e057f20f883e', 'hgx2', 'SMT车间', '质量工程师', '12345678', '2026-07-21 14:47:24.763', 'system', '2026-07-21 14:47:24.763', 'system', b'0', 1, NULL);

-- smt_user_roles (25 rows)
INSERT IGNORE INTO `smt_user_roles` (`Id`, `UserId`, `RoleId`, `CreatedAt`, `CreatedBy`, `UpdatedAt`, `UpdatedBy`, `IsDeleted`, `LastOperationType`, `LastOperationRemark`) VALUES (1, 2, 1, '2026-05-25 11:42:33.991', 'system', '2026-05-25 11:42:33.991', 'system', b'0', 1, NULL);
INSERT IGNORE INTO `smt_user_roles` (`Id`, `UserId`, `RoleId`, `CreatedAt`, `CreatedBy`, `UpdatedAt`, `UpdatedBy`, `IsDeleted`, `LastOperationType`, `LastOperationRemark`) VALUES (2, 2, 2, '2026-05-25 11:42:38.604', 'system', '2026-05-25 11:42:38.604', 'system', b'0', 1, NULL);
INSERT IGNORE INTO `smt_user_roles` (`Id`, `UserId`, `RoleId`, `CreatedAt`, `CreatedBy`, `UpdatedAt`, `UpdatedBy`, `IsDeleted`, `LastOperationType`, `LastOperationRemark`) VALUES (3, 3, 2, '2026-05-25 11:42:43.449', 'system', '2026-05-25 11:42:43.449', 'system', b'0', 1, NULL);
INSERT IGNORE INTO `smt_user_roles` (`Id`, `UserId`, `RoleId`, `CreatedAt`, `CreatedBy`, `UpdatedAt`, `UpdatedBy`, `IsDeleted`, `LastOperationType`, `LastOperationRemark`) VALUES (4, 3, 3, '2026-05-25 11:42:47.346', 'system', '2026-05-25 11:42:47.346', 'system', b'0', 1, NULL);
INSERT IGNORE INTO `smt_user_roles` (`Id`, `UserId`, `RoleId`, `CreatedAt`, `CreatedBy`, `UpdatedAt`, `UpdatedBy`, `IsDeleted`, `LastOperationType`, `LastOperationRemark`) VALUES (5, 4, 3, '2026-05-25 11:42:52.162', 'system', '2026-05-25 11:42:52.162', 'system', b'0', 1, NULL);
INSERT IGNORE INTO `smt_user_roles` (`Id`, `UserId`, `RoleId`, `CreatedAt`, `CreatedBy`, `UpdatedAt`, `UpdatedBy`, `IsDeleted`, `LastOperationType`, `LastOperationRemark`) VALUES (6, 4, 2, '2026-05-25 11:43:59.673', 'system', '2026-05-25 11:44:18.395', 'system', b'1', 3, NULL);
INSERT IGNORE INTO `smt_user_roles` (`Id`, `UserId`, `RoleId`, `CreatedAt`, `CreatedBy`, `UpdatedAt`, `UpdatedBy`, `IsDeleted`, `LastOperationType`, `LastOperationRemark`) VALUES (7, 5, 4, '2026-06-21 20:27:48.000', 'system', '2026-06-21 20:27:48.000', 'system', b'0', 1, NULL);
INSERT IGNORE INTO `smt_user_roles` (`Id`, `UserId`, `RoleId`, `CreatedAt`, `CreatedBy`, `UpdatedAt`, `UpdatedBy`, `IsDeleted`, `LastOperationType`, `LastOperationRemark`) VALUES (8, 6, 4, '2026-06-21 20:27:48.000', 'system', '2026-06-21 20:27:48.000', 'system', b'0', 1, NULL);
INSERT IGNORE INTO `smt_user_roles` (`Id`, `UserId`, `RoleId`, `CreatedAt`, `CreatedBy`, `UpdatedAt`, `UpdatedBy`, `IsDeleted`, `LastOperationType`, `LastOperationRemark`) VALUES (9, 7, 4, '2026-06-21 20:27:48.000', 'system', '2026-06-21 20:27:48.000', 'system', b'0', 1, NULL);
INSERT IGNORE INTO `smt_user_roles` (`Id`, `UserId`, `RoleId`, `CreatedAt`, `CreatedBy`, `UpdatedAt`, `UpdatedBy`, `IsDeleted`, `LastOperationType`, `LastOperationRemark`) VALUES (10, 8, 4, '2026-06-21 20:27:48.000', 'system', '2026-06-21 20:27:48.000', 'system', b'0', 1, NULL);
INSERT IGNORE INTO `smt_user_roles` (`Id`, `UserId`, `RoleId`, `CreatedAt`, `CreatedBy`, `UpdatedAt`, `UpdatedBy`, `IsDeleted`, `LastOperationType`, `LastOperationRemark`) VALUES (11, 9, 4, '2026-06-21 20:27:48.000', 'system', '2026-06-21 20:27:48.000', 'system', b'0', 1, NULL);
INSERT IGNORE INTO `smt_user_roles` (`Id`, `UserId`, `RoleId`, `CreatedAt`, `CreatedBy`, `UpdatedAt`, `UpdatedBy`, `IsDeleted`, `LastOperationType`, `LastOperationRemark`) VALUES (12, 10, 4, '2026-06-21 20:27:48.000', 'system', '2026-06-21 20:27:48.000', 'system', b'0', 1, NULL);
INSERT IGNORE INTO `smt_user_roles` (`Id`, `UserId`, `RoleId`, `CreatedAt`, `CreatedBy`, `UpdatedAt`, `UpdatedBy`, `IsDeleted`, `LastOperationType`, `LastOperationRemark`) VALUES (13, 11, 4, '2026-06-21 20:27:48.000', 'system', '2026-06-21 20:27:48.000', 'system', b'0', 1, NULL);
INSERT IGNORE INTO `smt_user_roles` (`Id`, `UserId`, `RoleId`, `CreatedAt`, `CreatedBy`, `UpdatedAt`, `UpdatedBy`, `IsDeleted`, `LastOperationType`, `LastOperationRemark`) VALUES (14, 12, 4, '2026-06-21 20:27:48.000', 'system', '2026-06-21 20:27:48.000', 'system', b'0', 1, NULL);
INSERT IGNORE INTO `smt_user_roles` (`Id`, `UserId`, `RoleId`, `CreatedAt`, `CreatedBy`, `UpdatedAt`, `UpdatedBy`, `IsDeleted`, `LastOperationType`, `LastOperationRemark`) VALUES (15, 13, 4, '2026-06-21 20:27:48.000', 'system', '2026-06-21 20:27:48.000', 'system', b'0', 1, NULL);
INSERT IGNORE INTO `smt_user_roles` (`Id`, `UserId`, `RoleId`, `CreatedAt`, `CreatedBy`, `UpdatedAt`, `UpdatedBy`, `IsDeleted`, `LastOperationType`, `LastOperationRemark`) VALUES (16, 14, 4, '2026-06-21 20:27:48.000', 'system', '2026-06-21 20:27:48.000', 'system', b'0', 1, NULL);
INSERT IGNORE INTO `smt_user_roles` (`Id`, `UserId`, `RoleId`, `CreatedAt`, `CreatedBy`, `UpdatedAt`, `UpdatedBy`, `IsDeleted`, `LastOperationType`, `LastOperationRemark`) VALUES (17, 15, 4, '2026-06-21 20:27:48.000', 'system', '2026-06-21 20:27:48.000', 'system', b'0', 1, NULL);
INSERT IGNORE INTO `smt_user_roles` (`Id`, `UserId`, `RoleId`, `CreatedAt`, `CreatedBy`, `UpdatedAt`, `UpdatedBy`, `IsDeleted`, `LastOperationType`, `LastOperationRemark`) VALUES (18, 16, 4, '2026-06-21 20:27:48.000', 'system', '2026-06-21 20:27:48.000', 'system', b'0', 1, NULL);
INSERT IGNORE INTO `smt_user_roles` (`Id`, `UserId`, `RoleId`, `CreatedAt`, `CreatedBy`, `UpdatedAt`, `UpdatedBy`, `IsDeleted`, `LastOperationType`, `LastOperationRemark`) VALUES (19, 17, 4, '2026-06-21 20:27:48.000', 'system', '2026-06-21 20:27:48.000', 'system', b'0', 1, NULL);
INSERT IGNORE INTO `smt_user_roles` (`Id`, `UserId`, `RoleId`, `CreatedAt`, `CreatedBy`, `UpdatedAt`, `UpdatedBy`, `IsDeleted`, `LastOperationType`, `LastOperationRemark`) VALUES (20, 18, 4, '2026-06-21 20:27:48.000', 'system', '2026-06-21 20:27:48.000', 'system', b'0', 1, NULL);
INSERT IGNORE INTO `smt_user_roles` (`Id`, `UserId`, `RoleId`, `CreatedAt`, `CreatedBy`, `UpdatedAt`, `UpdatedBy`, `IsDeleted`, `LastOperationType`, `LastOperationRemark`) VALUES (21, 33, 5, '2026-07-05 21:50:08.286', 'seed', '2026-07-05 21:50:08.286', 'seed', b'0', 1, NULL);
INSERT IGNORE INTO `smt_user_roles` (`Id`, `UserId`, `RoleId`, `CreatedAt`, `CreatedBy`, `UpdatedAt`, `UpdatedBy`, `IsDeleted`, `LastOperationType`, `LastOperationRemark`) VALUES (22, 34, 4, '2026-07-05 21:50:08.286', 'seed', '2026-07-05 21:50:08.286', 'seed', b'0', 1, NULL);
INSERT IGNORE INTO `smt_user_roles` (`Id`, `UserId`, `RoleId`, `CreatedAt`, `CreatedBy`, `UpdatedAt`, `UpdatedBy`, `IsDeleted`, `LastOperationType`, `LastOperationRemark`) VALUES (23, 32, 3, '2026-07-05 21:50:08.286', 'seed', '2026-07-05 21:50:08.286', 'seed', b'0', 1, NULL);
INSERT IGNORE INTO `smt_user_roles` (`Id`, `UserId`, `RoleId`, `CreatedAt`, `CreatedBy`, `UpdatedAt`, `UpdatedBy`, `IsDeleted`, `LastOperationType`, `LastOperationRemark`) VALUES (24, 35, 2, '2026-07-05 21:50:08.286', 'seed', '2026-07-05 21:50:08.286', 'seed', b'0', 1, NULL);
INSERT IGNORE INTO `smt_user_roles` (`Id`, `UserId`, `RoleId`, `CreatedAt`, `CreatedBy`, `UpdatedAt`, `UpdatedBy`, `IsDeleted`, `LastOperationType`, `LastOperationRemark`) VALUES (25, 31, 1, '2026-07-05 21:50:08.286', 'seed', '2026-07-05 21:50:08.286', 'seed', b'0', 1, NULL);

-- smt_role_functions (42 rows)
INSERT IGNORE INTO `smt_role_functions` (`Id`, `RoleId`, `FunctionId`, `CreatedAt`, `CreatedBy`, `UpdatedAt`, `UpdatedBy`, `IsDeleted`, `LastOperationType`, `LastOperationRemark`) VALUES (1, 1, 21, '2026-07-05 21:50:08.259', 'seed', '2026-07-05 21:50:08.259', 'seed', b'0', 1, NULL);
INSERT IGNORE INTO `smt_role_functions` (`Id`, `RoleId`, `FunctionId`, `CreatedAt`, `CreatedBy`, `UpdatedAt`, `UpdatedBy`, `IsDeleted`, `LastOperationType`, `LastOperationRemark`) VALUES (2, 1, 23, '2026-07-05 21:50:08.259', 'seed', '2026-07-05 21:50:08.259', 'seed', b'0', 1, NULL);
INSERT IGNORE INTO `smt_role_functions` (`Id`, `RoleId`, `FunctionId`, `CreatedAt`, `CreatedBy`, `UpdatedAt`, `UpdatedBy`, `IsDeleted`, `LastOperationType`, `LastOperationRemark`) VALUES (3, 1, 24, '2026-07-05 21:50:08.259', 'seed', '2026-07-05 21:50:08.259', 'seed', b'0', 1, NULL);
INSERT IGNORE INTO `smt_role_functions` (`Id`, `RoleId`, `FunctionId`, `CreatedAt`, `CreatedBy`, `UpdatedAt`, `UpdatedBy`, `IsDeleted`, `LastOperationType`, `LastOperationRemark`) VALUES (4, 1, 18, '2026-07-05 21:50:08.259', 'seed', '2026-07-05 21:50:08.259', 'seed', b'0', 1, NULL);
INSERT IGNORE INTO `smt_role_functions` (`Id`, `RoleId`, `FunctionId`, `CreatedAt`, `CreatedBy`, `UpdatedAt`, `UpdatedBy`, `IsDeleted`, `LastOperationType`, `LastOperationRemark`) VALUES (5, 1, 27, '2026-07-05 21:50:08.259', 'seed', '2026-07-05 21:50:08.259', 'seed', b'0', 1, NULL);
INSERT IGNORE INTO `smt_role_functions` (`Id`, `RoleId`, `FunctionId`, `CreatedAt`, `CreatedBy`, `UpdatedAt`, `UpdatedBy`, `IsDeleted`, `LastOperationType`, `LastOperationRemark`) VALUES (6, 1, 19, '2026-07-05 21:50:08.259', 'seed', '2026-07-05 21:50:08.259', 'seed', b'0', 1, NULL);
INSERT IGNORE INTO `smt_role_functions` (`Id`, `RoleId`, `FunctionId`, `CreatedAt`, `CreatedBy`, `UpdatedAt`, `UpdatedBy`, `IsDeleted`, `LastOperationType`, `LastOperationRemark`) VALUES (7, 1, 22, '2026-07-05 21:50:08.259', 'seed', '2026-07-05 21:50:08.259', 'seed', b'0', 1, NULL);
INSERT IGNORE INTO `smt_role_functions` (`Id`, `RoleId`, `FunctionId`, `CreatedAt`, `CreatedBy`, `UpdatedAt`, `UpdatedBy`, `IsDeleted`, `LastOperationType`, `LastOperationRemark`) VALUES (8, 1, 26, '2026-07-05 21:50:08.259', 'seed', '2026-07-05 21:50:08.259', 'seed', b'0', 1, NULL);
INSERT IGNORE INTO `smt_role_functions` (`Id`, `RoleId`, `FunctionId`, `CreatedAt`, `CreatedBy`, `UpdatedAt`, `UpdatedBy`, `IsDeleted`, `LastOperationType`, `LastOperationRemark`) VALUES (9, 1, 28, '2026-07-05 21:50:08.259', 'seed', '2026-07-05 21:50:08.259', 'seed', b'0', 1, NULL);
INSERT IGNORE INTO `smt_role_functions` (`Id`, `RoleId`, `FunctionId`, `CreatedAt`, `CreatedBy`, `UpdatedAt`, `UpdatedBy`, `IsDeleted`, `LastOperationType`, `LastOperationRemark`) VALUES (10, 1, 25, '2026-07-05 21:50:08.259', 'seed', '2026-07-05 21:50:08.259', 'seed', b'0', 1, NULL);
INSERT IGNORE INTO `smt_role_functions` (`Id`, `RoleId`, `FunctionId`, `CreatedAt`, `CreatedBy`, `UpdatedAt`, `UpdatedBy`, `IsDeleted`, `LastOperationType`, `LastOperationRemark`) VALUES (11, 1, 20, '2026-07-05 21:50:08.259', 'seed', '2026-07-05 21:50:08.259', 'seed', b'0', 1, NULL);
INSERT IGNORE INTO `smt_role_functions` (`Id`, `RoleId`, `FunctionId`, `CreatedAt`, `CreatedBy`, `UpdatedAt`, `UpdatedBy`, `IsDeleted`, `LastOperationType`, `LastOperationRemark`) VALUES (12, 3, 21, '2026-07-05 21:50:08.272', 'seed', '2026-07-05 21:50:08.272', 'seed', b'0', 1, NULL);
INSERT IGNORE INTO `smt_role_functions` (`Id`, `RoleId`, `FunctionId`, `CreatedAt`, `CreatedBy`, `UpdatedAt`, `UpdatedBy`, `IsDeleted`, `LastOperationType`, `LastOperationRemark`) VALUES (13, 3, 18, '2026-07-05 21:50:08.272', 'seed', '2026-07-05 21:50:08.272', 'seed', b'0', 1, NULL);
INSERT IGNORE INTO `smt_role_functions` (`Id`, `RoleId`, `FunctionId`, `CreatedAt`, `CreatedBy`, `UpdatedAt`, `UpdatedBy`, `IsDeleted`, `LastOperationType`, `LastOperationRemark`) VALUES (14, 3, 27, '2026-07-05 21:50:08.272', 'seed', '2026-07-05 21:50:08.272', 'seed', b'0', 1, NULL);
INSERT IGNORE INTO `smt_role_functions` (`Id`, `RoleId`, `FunctionId`, `CreatedAt`, `CreatedBy`, `UpdatedAt`, `UpdatedBy`, `IsDeleted`, `LastOperationType`, `LastOperationRemark`) VALUES (15, 3, 19, '2026-07-05 21:50:08.272', 'seed', '2026-07-05 21:50:08.272', 'seed', b'0', 1, NULL);
INSERT IGNORE INTO `smt_role_functions` (`Id`, `RoleId`, `FunctionId`, `CreatedAt`, `CreatedBy`, `UpdatedAt`, `UpdatedBy`, `IsDeleted`, `LastOperationType`, `LastOperationRemark`) VALUES (16, 3, 28, '2026-07-05 21:50:08.272', 'seed', '2026-07-05 21:50:08.272', 'seed', b'0', 1, NULL);
INSERT IGNORE INTO `smt_role_functions` (`Id`, `RoleId`, `FunctionId`, `CreatedAt`, `CreatedBy`, `UpdatedAt`, `UpdatedBy`, `IsDeleted`, `LastOperationType`, `LastOperationRemark`) VALUES (17, 3, 25, '2026-07-05 21:50:08.272', 'seed', '2026-07-05 21:50:08.272', 'seed', b'0', 1, NULL);
INSERT IGNORE INTO `smt_role_functions` (`Id`, `RoleId`, `FunctionId`, `CreatedAt`, `CreatedBy`, `UpdatedAt`, `UpdatedBy`, `IsDeleted`, `LastOperationType`, `LastOperationRemark`) VALUES (18, 3, 20, '2026-07-05 21:50:08.272', 'seed', '2026-07-05 21:50:08.272', 'seed', b'0', 1, NULL);
INSERT IGNORE INTO `smt_role_functions` (`Id`, `RoleId`, `FunctionId`, `CreatedAt`, `CreatedBy`, `UpdatedAt`, `UpdatedBy`, `IsDeleted`, `LastOperationType`, `LastOperationRemark`) VALUES (19, 5, 23, '2026-07-05 21:50:08.275', 'seed', '2026-07-05 21:50:08.275', 'seed', b'0', 1, NULL);
INSERT IGNORE INTO `smt_role_functions` (`Id`, `RoleId`, `FunctionId`, `CreatedAt`, `CreatedBy`, `UpdatedAt`, `UpdatedBy`, `IsDeleted`, `LastOperationType`, `LastOperationRemark`) VALUES (20, 5, 24, '2026-07-05 21:50:08.275', 'seed', '2026-07-05 21:50:08.275', 'seed', b'0', 1, NULL);
INSERT IGNORE INTO `smt_role_functions` (`Id`, `RoleId`, `FunctionId`, `CreatedAt`, `CreatedBy`, `UpdatedAt`, `UpdatedBy`, `IsDeleted`, `LastOperationType`, `LastOperationRemark`) VALUES (21, 5, 18, '2026-07-05 21:50:08.275', 'seed', '2026-07-05 21:50:08.275', 'seed', b'0', 1, NULL);
INSERT IGNORE INTO `smt_role_functions` (`Id`, `RoleId`, `FunctionId`, `CreatedAt`, `CreatedBy`, `UpdatedAt`, `UpdatedBy`, `IsDeleted`, `LastOperationType`, `LastOperationRemark`) VALUES (22, 5, 27, '2026-07-05 21:50:08.275', 'seed', '2026-07-05 21:50:08.275', 'seed', b'0', 1, NULL);
INSERT IGNORE INTO `smt_role_functions` (`Id`, `RoleId`, `FunctionId`, `CreatedAt`, `CreatedBy`, `UpdatedAt`, `UpdatedBy`, `IsDeleted`, `LastOperationType`, `LastOperationRemark`) VALUES (23, 5, 19, '2026-07-05 21:50:08.275', 'seed', '2026-07-05 21:50:08.275', 'seed', b'0', 1, NULL);
INSERT IGNORE INTO `smt_role_functions` (`Id`, `RoleId`, `FunctionId`, `CreatedAt`, `CreatedBy`, `UpdatedAt`, `UpdatedBy`, `IsDeleted`, `LastOperationType`, `LastOperationRemark`) VALUES (24, 5, 22, '2026-07-05 21:50:08.275', 'seed', '2026-07-05 21:50:08.275', 'seed', b'0', 1, NULL);
INSERT IGNORE INTO `smt_role_functions` (`Id`, `RoleId`, `FunctionId`, `CreatedAt`, `CreatedBy`, `UpdatedAt`, `UpdatedBy`, `IsDeleted`, `LastOperationType`, `LastOperationRemark`) VALUES (25, 5, 26, '2026-07-05 21:50:08.275', 'seed', '2026-07-05 21:50:08.275', 'seed', b'0', 1, NULL);
INSERT IGNORE INTO `smt_role_functions` (`Id`, `RoleId`, `FunctionId`, `CreatedAt`, `CreatedBy`, `UpdatedAt`, `UpdatedBy`, `IsDeleted`, `LastOperationType`, `LastOperationRemark`) VALUES (26, 5, 28, '2026-07-05 21:50:08.275', 'seed', '2026-07-05 21:50:08.275', 'seed', b'0', 1, NULL);
INSERT IGNORE INTO `smt_role_functions` (`Id`, `RoleId`, `FunctionId`, `CreatedAt`, `CreatedBy`, `UpdatedAt`, `UpdatedBy`, `IsDeleted`, `LastOperationType`, `LastOperationRemark`) VALUES (27, 5, 25, '2026-07-05 21:50:08.275', 'seed', '2026-07-05 21:50:08.275', 'seed', b'0', 1, NULL);
INSERT IGNORE INTO `smt_role_functions` (`Id`, `RoleId`, `FunctionId`, `CreatedAt`, `CreatedBy`, `UpdatedAt`, `UpdatedBy`, `IsDeleted`, `LastOperationType`, `LastOperationRemark`) VALUES (28, 4, 23, '2026-07-05 21:50:08.281', 'seed', '2026-07-05 21:50:08.281', 'seed', b'0', 1, NULL);
INSERT IGNORE INTO `smt_role_functions` (`Id`, `RoleId`, `FunctionId`, `CreatedAt`, `CreatedBy`, `UpdatedAt`, `UpdatedBy`, `IsDeleted`, `LastOperationType`, `LastOperationRemark`) VALUES (29, 4, 24, '2026-07-05 21:50:08.281', 'seed', '2026-07-05 21:50:08.281', 'seed', b'0', 1, NULL);
INSERT IGNORE INTO `smt_role_functions` (`Id`, `RoleId`, `FunctionId`, `CreatedAt`, `CreatedBy`, `UpdatedAt`, `UpdatedBy`, `IsDeleted`, `LastOperationType`, `LastOperationRemark`) VALUES (30, 4, 18, '2026-07-05 21:50:08.281', 'seed', '2026-07-05 21:50:08.281', 'seed', b'0', 1, NULL);
INSERT IGNORE INTO `smt_role_functions` (`Id`, `RoleId`, `FunctionId`, `CreatedAt`, `CreatedBy`, `UpdatedAt`, `UpdatedBy`, `IsDeleted`, `LastOperationType`, `LastOperationRemark`) VALUES (31, 4, 19, '2026-07-05 21:50:08.281', 'seed', '2026-07-05 21:50:08.281', 'seed', b'0', 1, NULL);
INSERT IGNORE INTO `smt_role_functions` (`Id`, `RoleId`, `FunctionId`, `CreatedAt`, `CreatedBy`, `UpdatedAt`, `UpdatedBy`, `IsDeleted`, `LastOperationType`, `LastOperationRemark`) VALUES (32, 4, 22, '2026-07-05 21:50:08.281', 'seed', '2026-07-05 21:50:08.281', 'seed', b'0', 1, NULL);
INSERT IGNORE INTO `smt_role_functions` (`Id`, `RoleId`, `FunctionId`, `CreatedAt`, `CreatedBy`, `UpdatedAt`, `UpdatedBy`, `IsDeleted`, `LastOperationType`, `LastOperationRemark`) VALUES (33, 4, 28, '2026-07-05 21:50:08.281', 'seed', '2026-07-05 21:50:08.281', 'seed', b'0', 1, NULL);
INSERT IGNORE INTO `smt_role_functions` (`Id`, `RoleId`, `FunctionId`, `CreatedAt`, `CreatedBy`, `UpdatedAt`, `UpdatedBy`, `IsDeleted`, `LastOperationType`, `LastOperationRemark`) VALUES (34, 4, 25, '2026-07-05 21:50:08.281', 'seed', '2026-07-05 21:50:08.281', 'seed', b'0', 1, NULL);
INSERT IGNORE INTO `smt_role_functions` (`Id`, `RoleId`, `FunctionId`, `CreatedAt`, `CreatedBy`, `UpdatedAt`, `UpdatedBy`, `IsDeleted`, `LastOperationType`, `LastOperationRemark`) VALUES (35, 2, 21, '2026-07-05 21:50:08.284', 'seed', '2026-07-05 21:50:08.284', 'seed', b'0', 1, NULL);
INSERT IGNORE INTO `smt_role_functions` (`Id`, `RoleId`, `FunctionId`, `CreatedAt`, `CreatedBy`, `UpdatedAt`, `UpdatedBy`, `IsDeleted`, `LastOperationType`, `LastOperationRemark`) VALUES (36, 2, 24, '2026-07-05 21:50:08.284', 'seed', '2026-07-05 21:50:08.284', 'seed', b'0', 1, NULL);
INSERT IGNORE INTO `smt_role_functions` (`Id`, `RoleId`, `FunctionId`, `CreatedAt`, `CreatedBy`, `UpdatedAt`, `UpdatedBy`, `IsDeleted`, `LastOperationType`, `LastOperationRemark`) VALUES (37, 2, 18, '2026-07-05 21:50:08.284', 'seed', '2026-07-05 21:50:08.284', 'seed', b'0', 1, NULL);
INSERT IGNORE INTO `smt_role_functions` (`Id`, `RoleId`, `FunctionId`, `CreatedAt`, `CreatedBy`, `UpdatedAt`, `UpdatedBy`, `IsDeleted`, `LastOperationType`, `LastOperationRemark`) VALUES (38, 2, 27, '2026-07-05 21:50:08.284', 'seed', '2026-07-05 21:50:08.284', 'seed', b'0', 1, NULL);
INSERT IGNORE INTO `smt_role_functions` (`Id`, `RoleId`, `FunctionId`, `CreatedAt`, `CreatedBy`, `UpdatedAt`, `UpdatedBy`, `IsDeleted`, `LastOperationType`, `LastOperationRemark`) VALUES (39, 2, 19, '2026-07-05 21:50:08.284', 'seed', '2026-07-05 21:50:08.284', 'seed', b'0', 1, NULL);
INSERT IGNORE INTO `smt_role_functions` (`Id`, `RoleId`, `FunctionId`, `CreatedAt`, `CreatedBy`, `UpdatedAt`, `UpdatedBy`, `IsDeleted`, `LastOperationType`, `LastOperationRemark`) VALUES (40, 2, 26, '2026-07-05 21:50:08.284', 'seed', '2026-07-05 21:50:08.284', 'seed', b'0', 1, NULL);
INSERT IGNORE INTO `smt_role_functions` (`Id`, `RoleId`, `FunctionId`, `CreatedAt`, `CreatedBy`, `UpdatedAt`, `UpdatedBy`, `IsDeleted`, `LastOperationType`, `LastOperationRemark`) VALUES (41, 2, 28, '2026-07-05 21:50:08.284', 'seed', '2026-07-05 21:50:08.284', 'seed', b'0', 1, NULL);
INSERT IGNORE INTO `smt_role_functions` (`Id`, `RoleId`, `FunctionId`, `CreatedAt`, `CreatedBy`, `UpdatedAt`, `UpdatedBy`, `IsDeleted`, `LastOperationType`, `LastOperationRemark`) VALUES (42, 2, 25, '2026-07-05 21:50:08.284', 'seed', '2026-07-05 21:50:08.284', 'seed', b'0', 1, NULL);

-- smt_lots (30 rows)
INSERT IGNORE INTO `smt_lots` (`Id`, `LotCode`, `WorkOrderId`, `LineId`, `PlannedQuantity`, `CompletedQuantity`, `Status`, `EstimatedCompletionTime`, `StartTime`, `EndTime`, `CreatedAt`, `CreatedBy`, `UpdatedAt`, `UpdatedBy`, `IsDeleted`, `LastOperationType`, `LastOperationRemark`) VALUES (1, 'LOT-13-A', 13, 1, 500, 200, 3, '2026-06-20 18:00:00', '2026-06-19 09:00:00', NULL, '2026-06-19 18:35:33.018', 'system', '2026-07-19 13:31:29.648', 'system', b'0', 1, NULL);
INSERT IGNORE INTO `smt_lots` (`Id`, `LotCode`, `WorkOrderId`, `LineId`, `PlannedQuantity`, `CompletedQuantity`, `Status`, `EstimatedCompletionTime`, `StartTime`, `EndTime`, `CreatedAt`, `CreatedBy`, `UpdatedAt`, `UpdatedBy`, `IsDeleted`, `LastOperationType`, `LastOperationRemark`) VALUES (2, 'LOT-13-B', 13, 1, 500, 0, 5, '2026-06-21 18:00:00', NULL, NULL, '2026-06-19 18:35:33.018', 'system', '2026-06-21 01:15:59.933', 'system', b'0', 1, NULL);
INSERT IGNORE INTO `smt_lots` (`Id`, `LotCode`, `WorkOrderId`, `LineId`, `PlannedQuantity`, `CompletedQuantity`, `Status`, `EstimatedCompletionTime`, `StartTime`, `EndTime`, `CreatedAt`, `CreatedBy`, `UpdatedAt`, `UpdatedBy`, `IsDeleted`, `LastOperationType`, `LastOperationRemark`) VALUES (3, 'LOT-14-A', 14, 2, 400, 300, 3, '2026-06-20 15:00:00', '2026-06-19 08:30:00', NULL, '2026-06-19 18:35:33.021', 'system', '2026-07-19 13:25:02.979', 'system', b'0', 1, NULL);
INSERT IGNORE INTO `smt_lots` (`Id`, `LotCode`, `WorkOrderId`, `LineId`, `PlannedQuantity`, `CompletedQuantity`, `Status`, `EstimatedCompletionTime`, `StartTime`, `EndTime`, `CreatedAt`, `CreatedBy`, `UpdatedAt`, `UpdatedBy`, `IsDeleted`, `LastOperationType`, `LastOperationRemark`) VALUES (4, 'LOT-14-B', 14, 2, 400, 0, 6, '2026-06-21 12:00:00', NULL, NULL, '2026-06-19 18:35:33.021', 'system', '2026-06-29 22:01:16.179', 'system', b'0', 1, NULL);
INSERT IGNORE INTO `smt_lots` (`Id`, `LotCode`, `WorkOrderId`, `LineId`, `PlannedQuantity`, `CompletedQuantity`, `Status`, `EstimatedCompletionTime`, `StartTime`, `EndTime`, `CreatedAt`, `CreatedBy`, `UpdatedAt`, `UpdatedBy`, `IsDeleted`, `LastOperationType`, `LastOperationRemark`) VALUES (5, 'LOT-15-A', 15, 2, 600, 400, 5, '2026-06-20 20:00:00', '2026-06-19 10:00:00', NULL, '2026-06-19 18:35:33.023', 'system', '2026-06-29 21:39:32.507', 'system', b'0', 1, NULL);
INSERT IGNORE INTO `smt_lots` (`Id`, `LotCode`, `WorkOrderId`, `LineId`, `PlannedQuantity`, `CompletedQuantity`, `Status`, `EstimatedCompletionTime`, `StartTime`, `EndTime`, `CreatedAt`, `CreatedBy`, `UpdatedAt`, `UpdatedBy`, `IsDeleted`, `LastOperationType`, `LastOperationRemark`) VALUES (6, 'LOT-15-B', 15, 2, 600, 150, 5, '2026-06-21 18:00:00', '2026-06-19 11:00:00', NULL, '2026-06-19 18:35:33.023', 'system', '2026-06-29 21:40:08.888', 'system', b'0', 1, NULL);
INSERT IGNORE INTO `smt_lots` (`Id`, `LotCode`, `WorkOrderId`, `LineId`, `PlannedQuantity`, `CompletedQuantity`, `Status`, `EstimatedCompletionTime`, `StartTime`, `EndTime`, `CreatedAt`, `CreatedBy`, `UpdatedAt`, `UpdatedBy`, `IsDeleted`, `LastOperationType`, `LastOperationRemark`) VALUES (7, 'LOT-16-A', 16, 3, 250, 200, 6, '2026-06-20 16:00:00', '2026-06-19 09:30:00', NULL, '2026-06-19 18:35:33.024', 'system', '2026-06-29 14:28:04.573', 'system', b'0', 1, NULL);
INSERT IGNORE INTO `smt_lots` (`Id`, `LotCode`, `WorkOrderId`, `LineId`, `PlannedQuantity`, `CompletedQuantity`, `Status`, `EstimatedCompletionTime`, `StartTime`, `EndTime`, `CreatedAt`, `CreatedBy`, `UpdatedAt`, `UpdatedBy`, `IsDeleted`, `LastOperationType`, `LastOperationRemark`) VALUES (8, 'LOT-16-B', 16, 3, 250, 0, 1, '2026-06-22 12:00:00', NULL, NULL, '2026-06-19 18:35:33.024', 'system', '2026-06-19 18:35:33.024', 'system', b'0', 1, NULL);
INSERT IGNORE INTO `smt_lots` (`Id`, `LotCode`, `WorkOrderId`, `LineId`, `PlannedQuantity`, `CompletedQuantity`, `Status`, `EstimatedCompletionTime`, `StartTime`, `EndTime`, `CreatedAt`, `CreatedBy`, `UpdatedAt`, `UpdatedBy`, `IsDeleted`, `LastOperationType`, `LastOperationRemark`) VALUES (9, 'LOT-17-A', 17, 1, 450, 100, 2, '2026-06-20 14:00:00', '2026-06-19 12:00:00', NULL, '2026-06-19 18:35:33.026', 'system', '2026-06-29 14:28:54.332', 'system', b'0', 1, NULL);
INSERT IGNORE INTO `smt_lots` (`Id`, `LotCode`, `WorkOrderId`, `LineId`, `PlannedQuantity`, `CompletedQuantity`, `Status`, `EstimatedCompletionTime`, `StartTime`, `EndTime`, `CreatedAt`, `CreatedBy`, `UpdatedAt`, `UpdatedBy`, `IsDeleted`, `LastOperationType`, `LastOperationRemark`) VALUES (10, 'LOT-17-B', 17, 1, 450, 0, 1, '2026-06-21 14:00:00', NULL, NULL, '2026-06-19 18:35:33.026', 'system', '2026-06-19 18:35:33.026', 'system', b'0', 1, NULL);
INSERT IGNORE INTO `smt_lots` (`Id`, `LotCode`, `WorkOrderId`, `LineId`, `PlannedQuantity`, `CompletedQuantity`, `Status`, `EstimatedCompletionTime`, `StartTime`, `EndTime`, `CreatedAt`, `CreatedBy`, `UpdatedAt`, `UpdatedBy`, `IsDeleted`, `LastOperationType`, `LastOperationRemark`) VALUES (11, 'LOT-18-A', 18, 3, 750, 500, 2, '2026-06-20 22:00:00', '2026-06-19 14:00:00', NULL, '2026-06-19 18:35:33.027', 'system', '2026-06-29 21:59:45.709', 'system', b'0', 1, NULL);
INSERT IGNORE INTO `smt_lots` (`Id`, `LotCode`, `WorkOrderId`, `LineId`, `PlannedQuantity`, `CompletedQuantity`, `Status`, `EstimatedCompletionTime`, `StartTime`, `EndTime`, `CreatedAt`, `CreatedBy`, `UpdatedAt`, `UpdatedBy`, `IsDeleted`, `LastOperationType`, `LastOperationRemark`) VALUES (12, 'LOT-18-B', 18, 3, 750, 300, 2, '2026-06-21 22:00:00', '2026-06-19 15:00:00', NULL, '2026-06-19 18:35:33.027', 'system', '2026-06-29 21:59:45.199', 'system', b'0', 1, NULL);
INSERT IGNORE INTO `smt_lots` (`Id`, `LotCode`, `WorkOrderId`, `LineId`, `PlannedQuantity`, `CompletedQuantity`, `Status`, `EstimatedCompletionTime`, `StartTime`, `EndTime`, `CreatedAt`, `CreatedBy`, `UpdatedAt`, `UpdatedBy`, `IsDeleted`, `LastOperationType`, `LastOperationRemark`) VALUES (13, 'LOT-22-A', 22, 1, 500, 500, 6, '2026-06-20 18:00:00', '2026-06-19 08:00:00', '2026-06-19 20:00:00', '2026-06-19 18:35:33.029', 'system', '2026-06-19 18:35:33.029', 'system', b'0', 1, NULL);
INSERT IGNORE INTO `smt_lots` (`Id`, `LotCode`, `WorkOrderId`, `LineId`, `PlannedQuantity`, `CompletedQuantity`, `Status`, `EstimatedCompletionTime`, `StartTime`, `EndTime`, `CreatedAt`, `CreatedBy`, `UpdatedAt`, `UpdatedBy`, `IsDeleted`, `LastOperationType`, `LastOperationRemark`) VALUES (14, 'LOT-22-B', 22, 1, 500, 500, 6, '2026-06-20 18:00:00', '2026-06-19 09:00:00', '2026-06-19 21:00:00', '2026-06-19 18:35:33.029', 'system', '2026-06-19 18:35:33.029', 'system', b'0', 1, NULL);
INSERT IGNORE INTO `smt_lots` (`Id`, `LotCode`, `WorkOrderId`, `LineId`, `PlannedQuantity`, `CompletedQuantity`, `Status`, `EstimatedCompletionTime`, `StartTime`, `EndTime`, `CreatedAt`, `CreatedBy`, `UpdatedAt`, `UpdatedBy`, `IsDeleted`, `LastOperationType`, `LastOperationRemark`) VALUES (15, 'LOT-23-A', 23, 1, 750, 750, 6, '2026-06-20 15:00:00', '2026-06-19 07:00:00', '2026-06-19 18:00:00', '2026-06-19 18:35:33.029', 'system', '2026-06-19 18:35:33.029', 'system', b'0', 1, NULL);
INSERT IGNORE INTO `smt_lots` (`Id`, `LotCode`, `WorkOrderId`, `LineId`, `PlannedQuantity`, `CompletedQuantity`, `Status`, `EstimatedCompletionTime`, `StartTime`, `EndTime`, `CreatedAt`, `CreatedBy`, `UpdatedAt`, `UpdatedBy`, `IsDeleted`, `LastOperationType`, `LastOperationRemark`) VALUES (16, 'LOT-23-B', 23, 2, 750, 750, 6, '2026-06-20 15:00:00', '2026-06-19 07:30:00', '2026-06-19 18:30:00', '2026-06-19 18:35:33.029', 'system', '2026-06-19 18:35:33.029', 'system', b'0', 1, NULL);
INSERT IGNORE INTO `smt_lots` (`Id`, `LotCode`, `WorkOrderId`, `LineId`, `PlannedQuantity`, `CompletedQuantity`, `Status`, `EstimatedCompletionTime`, `StartTime`, `EndTime`, `CreatedAt`, `CreatedBy`, `UpdatedAt`, `UpdatedBy`, `IsDeleted`, `LastOperationType`, `LastOperationRemark`) VALUES (17, 'LOT-24-A', 24, 2, 800, 800, 6, '2026-06-22 18:00:00', '2026-06-19 06:00:00', '2026-06-19 17:00:00', '2026-06-19 18:35:33.029', 'system', '2026-06-19 18:35:33.029', 'system', b'0', 1, NULL);
INSERT IGNORE INTO `smt_lots` (`Id`, `LotCode`, `WorkOrderId`, `LineId`, `PlannedQuantity`, `CompletedQuantity`, `Status`, `EstimatedCompletionTime`, `StartTime`, `EndTime`, `CreatedAt`, `CreatedBy`, `UpdatedAt`, `UpdatedBy`, `IsDeleted`, `LastOperationType`, `LastOperationRemark`) VALUES (18, 'LOT-25-A', 25, 2, 1000, 1000, 6, '2026-06-23 18:00:00', '2026-06-19 06:30:00', '2026-06-19 16:30:00', '2026-06-19 18:35:33.029', 'system', '2026-06-19 18:35:33.029', 'system', b'0', 1, NULL);
INSERT IGNORE INTO `smt_lots` (`Id`, `LotCode`, `WorkOrderId`, `LineId`, `PlannedQuantity`, `CompletedQuantity`, `Status`, `EstimatedCompletionTime`, `StartTime`, `EndTime`, `CreatedAt`, `CreatedBy`, `UpdatedAt`, `UpdatedBy`, `IsDeleted`, `LastOperationType`, `LastOperationRemark`) VALUES (19, 'LOT-25-B', 25, 1, 1000, 1000, 6, '2026-06-23 18:00:00', '2026-06-19 07:00:00', '2026-06-19 17:00:00', '2026-06-19 18:35:33.029', 'system', '2026-06-19 18:35:33.029', 'system', b'0', 1, NULL);
INSERT IGNORE INTO `smt_lots` (`Id`, `LotCode`, `WorkOrderId`, `LineId`, `PlannedQuantity`, `CompletedQuantity`, `Status`, `EstimatedCompletionTime`, `StartTime`, `EndTime`, `CreatedAt`, `CreatedBy`, `UpdatedAt`, `UpdatedBy`, `IsDeleted`, `LastOperationType`, `LastOperationRemark`) VALUES (20, 'LOT-26-A', 26, 3, 500, 500, 6, '2026-06-24 18:00:00', '2026-06-19 08:00:00', '2026-06-19 19:00:00', '2026-06-19 18:35:33.029', 'system', '2026-06-19 18:35:33.029', 'system', b'0', 1, NULL);
INSERT IGNORE INTO `smt_lots` (`Id`, `LotCode`, `WorkOrderId`, `LineId`, `PlannedQuantity`, `CompletedQuantity`, `Status`, `EstimatedCompletionTime`, `StartTime`, `EndTime`, `CreatedAt`, `CreatedBy`, `UpdatedAt`, `UpdatedBy`, `IsDeleted`, `LastOperationType`, `LastOperationRemark`) VALUES (21, 'LOT2606190001-01', 31, 1, 334, 0, 5, NULL, NULL, NULL, '2026-06-21 01:00:51.099', 'system', '2026-06-29 22:21:51.335', 'system', b'0', 1, NULL);
INSERT IGNORE INTO `smt_lots` (`Id`, `LotCode`, `WorkOrderId`, `LineId`, `PlannedQuantity`, `CompletedQuantity`, `Status`, `EstimatedCompletionTime`, `StartTime`, `EndTime`, `CreatedAt`, `CreatedBy`, `UpdatedAt`, `UpdatedBy`, `IsDeleted`, `LastOperationType`, `LastOperationRemark`) VALUES (22, 'LOT2606190001-02', 31, 1, 333, 0, 2, NULL, NULL, NULL, '2026-06-21 01:00:51.215', 'system', '2026-06-29 21:59:38.408', 'system', b'0', 1, NULL);
INSERT IGNORE INTO `smt_lots` (`Id`, `LotCode`, `WorkOrderId`, `LineId`, `PlannedQuantity`, `CompletedQuantity`, `Status`, `EstimatedCompletionTime`, `StartTime`, `EndTime`, `CreatedAt`, `CreatedBy`, `UpdatedAt`, `UpdatedBy`, `IsDeleted`, `LastOperationType`, `LastOperationRemark`) VALUES (23, 'LOT2606190001-03', 31, 1, 333, 0, 5, NULL, NULL, NULL, '2026-06-21 01:00:51.253', 'system', '2026-06-29 22:01:43.781', 'system', b'0', 1, NULL);
INSERT IGNORE INTO `smt_lots` (`Id`, `LotCode`, `WorkOrderId`, `LineId`, `PlannedQuantity`, `CompletedQuantity`, `Status`, `EstimatedCompletionTime`, `StartTime`, `EndTime`, `CreatedAt`, `CreatedBy`, `UpdatedAt`, `UpdatedBy`, `IsDeleted`, `LastOperationType`, `LastOperationRemark`) VALUES (24, 'LOT2606190003-01', 33, 3, 434, 0, 6, NULL, NULL, NULL, '2026-06-21 01:29:15.286', 'system', '2026-06-29 22:08:47.918', 'system', b'0', 1, NULL);
INSERT IGNORE INTO `smt_lots` (`Id`, `LotCode`, `WorkOrderId`, `LineId`, `PlannedQuantity`, `CompletedQuantity`, `Status`, `EstimatedCompletionTime`, `StartTime`, `EndTime`, `CreatedAt`, `CreatedBy`, `UpdatedAt`, `UpdatedBy`, `IsDeleted`, `LastOperationType`, `LastOperationRemark`) VALUES (25, 'LOT2606190003-02', 33, 4, 433, 0, 6, NULL, NULL, NULL, '2026-06-21 01:29:15.377', 'system', '2026-06-29 21:33:42.300', 'system', b'0', 1, NULL);
INSERT IGNORE INTO `smt_lots` (`Id`, `LotCode`, `WorkOrderId`, `LineId`, `PlannedQuantity`, `CompletedQuantity`, `Status`, `EstimatedCompletionTime`, `StartTime`, `EndTime`, `CreatedAt`, `CreatedBy`, `UpdatedAt`, `UpdatedBy`, `IsDeleted`, `LastOperationType`, `LastOperationRemark`) VALUES (26, 'LOT2606190003-03', 33, 2, 433, 0, 2, NULL, NULL, NULL, '2026-06-21 01:29:15.423', 'system', '2026-06-29 22:00:05.585', 'system', b'0', 1, NULL);
INSERT IGNORE INTO `smt_lots` (`Id`, `LotCode`, `WorkOrderId`, `LineId`, `PlannedQuantity`, `CompletedQuantity`, `Status`, `EstimatedCompletionTime`, `StartTime`, `EndTime`, `CreatedAt`, `CreatedBy`, `UpdatedAt`, `UpdatedBy`, `IsDeleted`, `LastOperationType`, `LastOperationRemark`) VALUES (29, 'TAPI-LOT-001', 44, 8, 1000, 0, 2, NULL, NULL, NULL, '2026-06-21 21:32:10.789', 'test', '2026-06-21 21:38:16.080', 'system', b'0', 1, NULL);
INSERT IGNORE INTO `smt_lots` (`Id`, `LotCode`, `WorkOrderId`, `LineId`, `PlannedQuantity`, `CompletedQuantity`, `Status`, `EstimatedCompletionTime`, `StartTime`, `EndTime`, `CreatedAt`, `CreatedBy`, `UpdatedAt`, `UpdatedBy`, `IsDeleted`, `LastOperationType`, `LastOperationRemark`) VALUES (30, 'LOT2606220001-01', 45, 8, 334, 0, 5, NULL, NULL, NULL, '2026-06-22 15:15:29.510', 'system', '2026-06-29 22:10:29.703', 'system', b'0', 1, NULL);
INSERT IGNORE INTO `smt_lots` (`Id`, `LotCode`, `WorkOrderId`, `LineId`, `PlannedQuantity`, `CompletedQuantity`, `Status`, `EstimatedCompletionTime`, `StartTime`, `EndTime`, `CreatedAt`, `CreatedBy`, `UpdatedAt`, `UpdatedBy`, `IsDeleted`, `LastOperationType`, `LastOperationRemark`) VALUES (31, 'LOT2606220001-02', 45, 8, 333, 0, 2, NULL, NULL, NULL, '2026-06-22 15:15:29.564', 'system', '2026-06-29 10:22:53.477', 'system', b'0', 1, NULL);
INSERT IGNORE INTO `smt_lots` (`Id`, `LotCode`, `WorkOrderId`, `LineId`, `PlannedQuantity`, `CompletedQuantity`, `Status`, `EstimatedCompletionTime`, `StartTime`, `EndTime`, `CreatedAt`, `CreatedBy`, `UpdatedAt`, `UpdatedBy`, `IsDeleted`, `LastOperationType`, `LastOperationRemark`) VALUES (32, 'LOT2606220001-03', 45, 8, 333, 0, 2, NULL, NULL, NULL, '2026-06-22 15:15:29.613', 'system', '2026-07-19 13:32:36.757', 'system', b'0', 1, NULL);

-- smt_lot_operation_status (78 rows)
INSERT IGNORE INTO `smt_lot_operation_status` (`Id`, `LotId`, `RouteStepId`, `Status`, `StationInTime`, `StationInQuantity`, `StationOutTime`, `FinishedQuantity`, `DefectQuantity`, `CreatedAt`, `CreatedBy`, `UpdatedAt`, `UpdatedBy`, `IsDeleted`, `LastOperationType`, `LastOperationRemark`) VALUES (1, 1, 1, 3, '2026-06-19 09:00:00', 500, '2026-06-19 09:05:00', 500, 2, '2026-06-19 18:35:33.031', 'system', '2026-06-19 18:35:33.031', 'system', b'0', 1, NULL);
INSERT IGNORE INTO `smt_lot_operation_status` (`Id`, `LotId`, `RouteStepId`, `Status`, `StationInTime`, `StationInQuantity`, `StationOutTime`, `FinishedQuantity`, `DefectQuantity`, `CreatedAt`, `CreatedBy`, `UpdatedAt`, `UpdatedBy`, `IsDeleted`, `LastOperationType`, `LastOperationRemark`) VALUES (2, 1, 2, 3, '2026-06-19 09:05:00', 500, '2026-06-19 09:10:00', 500, 1, '2026-06-19 18:35:33.031', 'system', '2026-06-19 18:35:33.031', 'system', b'0', 1, NULL);
INSERT IGNORE INTO `smt_lot_operation_status` (`Id`, `LotId`, `RouteStepId`, `Status`, `StationInTime`, `StationInQuantity`, `StationOutTime`, `FinishedQuantity`, `DefectQuantity`, `CreatedAt`, `CreatedBy`, `UpdatedAt`, `UpdatedBy`, `IsDeleted`, `LastOperationType`, `LastOperationRemark`) VALUES (3, 1, 3, 2, '2026-06-19 09:10:00', 500, NULL, 200, 0, '2026-06-19 18:35:33.031', 'system', '2026-06-19 18:35:33.031', 'system', b'0', 1, NULL);
INSERT IGNORE INTO `smt_lot_operation_status` (`Id`, `LotId`, `RouteStepId`, `Status`, `StationInTime`, `StationInQuantity`, `StationOutTime`, `FinishedQuantity`, `DefectQuantity`, `CreatedAt`, `CreatedBy`, `UpdatedAt`, `UpdatedBy`, `IsDeleted`, `LastOperationType`, `LastOperationRemark`) VALUES (4, 1, 4, 1, NULL, NULL, NULL, NULL, NULL, '2026-06-19 18:35:33.031', 'system', '2026-06-19 18:35:33.031', 'system', b'0', 1, NULL);
INSERT IGNORE INTO `smt_lot_operation_status` (`Id`, `LotId`, `RouteStepId`, `Status`, `StationInTime`, `StationInQuantity`, `StationOutTime`, `FinishedQuantity`, `DefectQuantity`, `CreatedAt`, `CreatedBy`, `UpdatedAt`, `UpdatedBy`, `IsDeleted`, `LastOperationType`, `LastOperationRemark`) VALUES (5, 1, 5, 1, NULL, NULL, NULL, NULL, NULL, '2026-06-19 18:35:33.031', 'system', '2026-06-19 18:35:33.031', 'system', b'0', 1, NULL);
INSERT IGNORE INTO `smt_lot_operation_status` (`Id`, `LotId`, `RouteStepId`, `Status`, `StationInTime`, `StationInQuantity`, `StationOutTime`, `FinishedQuantity`, `DefectQuantity`, `CreatedAt`, `CreatedBy`, `UpdatedAt`, `UpdatedBy`, `IsDeleted`, `LastOperationType`, `LastOperationRemark`) VALUES (6, 1, 6, 1, NULL, NULL, NULL, NULL, NULL, '2026-06-19 18:35:33.031', 'system', '2026-06-19 18:35:33.031', 'system', b'0', 1, NULL);
INSERT IGNORE INTO `smt_lot_operation_status` (`Id`, `LotId`, `RouteStepId`, `Status`, `StationInTime`, `StationInQuantity`, `StationOutTime`, `FinishedQuantity`, `DefectQuantity`, `CreatedAt`, `CreatedBy`, `UpdatedAt`, `UpdatedBy`, `IsDeleted`, `LastOperationType`, `LastOperationRemark`) VALUES (7, 7, 13, 3, '2026-06-19 09:30:00', 250, '2026-06-19 09:38:00', 250, 0, '2026-06-19 18:35:33.034', 'system', '2026-06-19 18:35:33.034', 'system', b'0', 1, NULL);
INSERT IGNORE INTO `smt_lot_operation_status` (`Id`, `LotId`, `RouteStepId`, `Status`, `StationInTime`, `StationInQuantity`, `StationOutTime`, `FinishedQuantity`, `DefectQuantity`, `CreatedAt`, `CreatedBy`, `UpdatedAt`, `UpdatedBy`, `IsDeleted`, `LastOperationType`, `LastOperationRemark`) VALUES (8, 7, 14, 3, '2026-06-19 09:38:00', 250, '2026-06-19 09:43:00', 250, 1, '2026-06-19 18:35:33.034', 'system', '2026-06-19 18:35:33.034', 'system', b'0', 1, NULL);
INSERT IGNORE INTO `smt_lot_operation_status` (`Id`, `LotId`, `RouteStepId`, `Status`, `StationInTime`, `StationInQuantity`, `StationOutTime`, `FinishedQuantity`, `DefectQuantity`, `CreatedAt`, `CreatedBy`, `UpdatedAt`, `UpdatedBy`, `IsDeleted`, `LastOperationType`, `LastOperationRemark`) VALUES (9, 7, 15, 3, '2026-06-19 09:43:00', 250, '2026-06-19 10:10:00', 250, 3, '2026-06-19 18:35:33.034', 'system', '2026-06-19 18:35:33.034', 'system', b'0', 1, NULL);
INSERT IGNORE INTO `smt_lot_operation_status` (`Id`, `LotId`, `RouteStepId`, `Status`, `StationInTime`, `StationInQuantity`, `StationOutTime`, `FinishedQuantity`, `DefectQuantity`, `CreatedAt`, `CreatedBy`, `UpdatedAt`, `UpdatedBy`, `IsDeleted`, `LastOperationType`, `LastOperationRemark`) VALUES (10, 7, 16, 3, '2026-06-19 10:10:00', 250, '2026-06-29 14:27:07', 0, 0, '2026-06-19 18:35:33.034', 'system', '2026-06-29 14:27:07.222', 'system', b'0', 2, '出站操作');
INSERT IGNORE INTO `smt_lot_operation_status` (`Id`, `LotId`, `RouteStepId`, `Status`, `StationInTime`, `StationInQuantity`, `StationOutTime`, `FinishedQuantity`, `DefectQuantity`, `CreatedAt`, `CreatedBy`, `UpdatedAt`, `UpdatedBy`, `IsDeleted`, `LastOperationType`, `LastOperationRemark`) VALUES (11, 7, 17, 3, '2026-06-29 14:27:23', 600, '2026-06-29 14:27:47', 600, 0, '2026-06-19 18:35:33.034', 'system', '2026-06-29 14:27:46.673', 'system', b'0', 2, '出站操作');
INSERT IGNORE INTO `smt_lot_operation_status` (`Id`, `LotId`, `RouteStepId`, `Status`, `StationInTime`, `StationInQuantity`, `StationOutTime`, `FinishedQuantity`, `DefectQuantity`, `CreatedAt`, `CreatedBy`, `UpdatedAt`, `UpdatedBy`, `IsDeleted`, `LastOperationType`, `LastOperationRemark`) VALUES (12, 7, 18, 3, '2026-06-29 14:27:53', 1, '2026-06-29 14:28:05', 1, 0, '2026-06-19 18:35:33.034', 'system', '2026-06-29 14:28:04.573', 'system', b'0', 2, '出站操作');
INSERT IGNORE INTO `smt_lot_operation_status` (`Id`, `LotId`, `RouteStepId`, `Status`, `StationInTime`, `StationInQuantity`, `StationOutTime`, `FinishedQuantity`, `DefectQuantity`, `CreatedAt`, `CreatedBy`, `UpdatedAt`, `UpdatedBy`, `IsDeleted`, `LastOperationType`, `LastOperationRemark`) VALUES (13, 13, 1, 3, '2026-06-19 08:00:00', 500, '2026-06-19 08:08:00', 500, 2, '2026-06-19 18:35:33.036', 'system', '2026-06-19 18:35:33.036', 'system', b'0', 1, NULL);
INSERT IGNORE INTO `smt_lot_operation_status` (`Id`, `LotId`, `RouteStepId`, `Status`, `StationInTime`, `StationInQuantity`, `StationOutTime`, `FinishedQuantity`, `DefectQuantity`, `CreatedAt`, `CreatedBy`, `UpdatedAt`, `UpdatedBy`, `IsDeleted`, `LastOperationType`, `LastOperationRemark`) VALUES (14, 13, 2, 3, '2026-06-19 08:08:00', 500, '2026-06-19 08:12:00', 500, 1, '2026-06-19 18:35:33.036', 'system', '2026-06-19 18:35:33.036', 'system', b'0', 1, NULL);
INSERT IGNORE INTO `smt_lot_operation_status` (`Id`, `LotId`, `RouteStepId`, `Status`, `StationInTime`, `StationInQuantity`, `StationOutTime`, `FinishedQuantity`, `DefectQuantity`, `CreatedAt`, `CreatedBy`, `UpdatedAt`, `UpdatedBy`, `IsDeleted`, `LastOperationType`, `LastOperationRemark`) VALUES (15, 13, 3, 3, '2026-06-19 08:12:00', 500, '2026-06-19 08:42:00', 500, 3, '2026-06-19 18:35:33.036', 'system', '2026-06-19 18:35:33.036', 'system', b'0', 1, NULL);
INSERT IGNORE INTO `smt_lot_operation_status` (`Id`, `LotId`, `RouteStepId`, `Status`, `StationInTime`, `StationInQuantity`, `StationOutTime`, `FinishedQuantity`, `DefectQuantity`, `CreatedAt`, `CreatedBy`, `UpdatedAt`, `UpdatedBy`, `IsDeleted`, `LastOperationType`, `LastOperationRemark`) VALUES (16, 13, 4, 3, '2026-06-19 08:42:00', 500, '2026-06-19 08:47:00', 500, 2, '2026-06-19 18:35:33.036', 'system', '2026-06-19 18:35:33.036', 'system', b'0', 1, NULL);
INSERT IGNORE INTO `smt_lot_operation_status` (`Id`, `LotId`, `RouteStepId`, `Status`, `StationInTime`, `StationInQuantity`, `StationOutTime`, `FinishedQuantity`, `DefectQuantity`, `CreatedAt`, `CreatedBy`, `UpdatedAt`, `UpdatedBy`, `IsDeleted`, `LastOperationType`, `LastOperationRemark`) VALUES (17, 13, 5, 3, '2026-06-19 08:47:00', 500, '2026-06-19 09:17:00', 500, 1, '2026-06-19 18:35:33.036', 'system', '2026-06-19 18:35:33.036', 'system', b'0', 1, NULL);
INSERT IGNORE INTO `smt_lot_operation_status` (`Id`, `LotId`, `RouteStepId`, `Status`, `StationInTime`, `StationInQuantity`, `StationOutTime`, `FinishedQuantity`, `DefectQuantity`, `CreatedAt`, `CreatedBy`, `UpdatedAt`, `UpdatedBy`, `IsDeleted`, `LastOperationType`, `LastOperationRemark`) VALUES (18, 13, 6, 3, '2026-06-19 09:17:00', 500, '2026-06-19 10:17:00', 500, 5, '2026-06-19 18:35:33.036', 'system', '2026-06-19 18:35:33.036', 'system', b'0', 1, NULL);
INSERT IGNORE INTO `smt_lot_operation_status` (`Id`, `LotId`, `RouteStepId`, `Status`, `StationInTime`, `StationInQuantity`, `StationOutTime`, `FinishedQuantity`, `DefectQuantity`, `CreatedAt`, `CreatedBy`, `UpdatedAt`, `UpdatedBy`, `IsDeleted`, `LastOperationType`, `LastOperationRemark`) VALUES (22, 29, 30, 1, NULL, NULL, NULL, NULL, NULL, '2026-06-21 21:32:10.791', 'test', '2026-06-21 21:32:10.791', 'test', b'0', 1, NULL);
INSERT IGNORE INTO `smt_lot_operation_status` (`Id`, `LotId`, `RouteStepId`, `Status`, `StationInTime`, `StationInQuantity`, `StationOutTime`, `FinishedQuantity`, `DefectQuantity`, `CreatedAt`, `CreatedBy`, `UpdatedAt`, `UpdatedBy`, `IsDeleted`, `LastOperationType`, `LastOperationRemark`) VALUES (23, 4, 7, 3, '2026-06-21 23:22:36', 1, '2026-06-29 10:17:38', 1, 0, '2026-06-21 23:22:35.639', 'system', '2026-06-29 10:17:37.703', 'system', b'0', 2, '出站操作');
INSERT IGNORE INTO `smt_lot_operation_status` (`Id`, `LotId`, `RouteStepId`, `Status`, `StationInTime`, `StationInQuantity`, `StationOutTime`, `FinishedQuantity`, `DefectQuantity`, `CreatedAt`, `CreatedBy`, `UpdatedAt`, `UpdatedBy`, `IsDeleted`, `LastOperationType`, `LastOperationRemark`) VALUES (24, 5, 7, 3, '2026-06-21 23:28:33', 1, '2026-06-29 10:25:26', 0, 1, '2026-06-21 23:28:33.235', 'system', '2026-06-29 10:25:26.409', 'system', b'0', 2, '123');
INSERT IGNORE INTO `smt_lot_operation_status` (`Id`, `LotId`, `RouteStepId`, `Status`, `StationInTime`, `StationInQuantity`, `StationOutTime`, `FinishedQuantity`, `DefectQuantity`, `CreatedAt`, `CreatedBy`, `UpdatedAt`, `UpdatedBy`, `IsDeleted`, `LastOperationType`, `LastOperationRemark`) VALUES (25, 6, 7, 3, '2026-06-22 00:20:02', 1000, '2026-06-29 10:51:46', 250, 750, '2026-06-22 00:20:01.946', 'system', '2026-06-29 10:51:45.784', 'system', b'0', 2, '123');
INSERT IGNORE INTO `smt_lot_operation_status` (`Id`, `LotId`, `RouteStepId`, `Status`, `StationInTime`, `StationInQuantity`, `StationOutTime`, `FinishedQuantity`, `DefectQuantity`, `CreatedAt`, `CreatedBy`, `UpdatedAt`, `UpdatedBy`, `IsDeleted`, `LastOperationType`, `LastOperationRemark`) VALUES (26, 12, 1, 3, '2026-06-22 00:20:12', 450, '2026-06-29 13:33:48', 251, 199, '2026-06-22 00:20:11.532', 'system', '2026-06-29 13:33:48.204', 'system', b'0', 2, '出站操作');
INSERT IGNORE INTO `smt_lot_operation_status` (`Id`, `LotId`, `RouteStepId`, `Status`, `StationInTime`, `StationInQuantity`, `StationOutTime`, `FinishedQuantity`, `DefectQuantity`, `CreatedAt`, `CreatedBy`, `UpdatedAt`, `UpdatedBy`, `IsDeleted`, `LastOperationType`, `LastOperationRemark`) VALUES (27, 22, 1, 3, '2026-06-22 00:23:00', 333, '2026-06-29 10:19:06', 333, 0, '2026-06-22 00:23:00.076', 'system', '2026-06-29 10:19:06.478', 'system', b'0', 2, '出站操作');
INSERT IGNORE INTO `smt_lot_operation_status` (`Id`, `LotId`, `RouteStepId`, `Status`, `StationInTime`, `StationInQuantity`, `StationOutTime`, `FinishedQuantity`, `DefectQuantity`, `CreatedAt`, `CreatedBy`, `UpdatedAt`, `UpdatedBy`, `IsDeleted`, `LastOperationType`, `LastOperationRemark`) VALUES (28, 24, 13, 3, '2026-06-22 15:11:11', 450, '2026-06-29 10:40:50', 449, 1, '2026-06-22 15:11:10.626', 'system', '2026-06-29 10:40:49.620', 'system', b'0', 2, '1');
INSERT IGNORE INTO `smt_lot_operation_status` (`Id`, `LotId`, `RouteStepId`, `Status`, `StationInTime`, `StationInQuantity`, `StationOutTime`, `FinishedQuantity`, `DefectQuantity`, `CreatedAt`, `CreatedBy`, `UpdatedAt`, `UpdatedBy`, `IsDeleted`, `LastOperationType`, `LastOperationRemark`) VALUES (29, 4, 8, 3, '2026-06-29 13:41:24', 1, '2026-06-29 13:41:28', 250, 0, '2026-06-29 10:17:37.703', 'system', '2026-06-29 13:41:27.586', 'system', b'0', 2, '出站操作');
INSERT IGNORE INTO `smt_lot_operation_status` (`Id`, `LotId`, `RouteStepId`, `Status`, `StationInTime`, `StationInQuantity`, `StationOutTime`, `FinishedQuantity`, `DefectQuantity`, `CreatedAt`, `CreatedBy`, `UpdatedAt`, `UpdatedBy`, `IsDeleted`, `LastOperationType`, `LastOperationRemark`) VALUES (30, 22, 2, 3, '2026-06-29 14:38:42', 333, '2026-06-29 21:22:10', 0, 0, '2026-06-29 10:19:06.478', 'system', '2026-06-29 21:22:10.167', 'system', b'0', 2, 'test');
INSERT IGNORE INTO `smt_lot_operation_status` (`Id`, `LotId`, `RouteStepId`, `Status`, `StationInTime`, `StationInQuantity`, `StationOutTime`, `FinishedQuantity`, `DefectQuantity`, `CreatedAt`, `CreatedBy`, `UpdatedAt`, `UpdatedBy`, `IsDeleted`, `LastOperationType`, `LastOperationRemark`) VALUES (31, 31, 13, 3, '2026-06-29 10:22:53', 333, '2026-06-29 10:23:07', 333, 0, '2026-06-29 10:22:53.477', 'system', '2026-06-29 10:23:06.761', 'system', b'0', 2, '出站操作');
INSERT IGNORE INTO `smt_lot_operation_status` (`Id`, `LotId`, `RouteStepId`, `Status`, `StationInTime`, `StationInQuantity`, `StationOutTime`, `FinishedQuantity`, `DefectQuantity`, `CreatedAt`, `CreatedBy`, `UpdatedAt`, `UpdatedBy`, `IsDeleted`, `LastOperationType`, `LastOperationRemark`) VALUES (32, 31, 14, 3, '2026-06-29 10:23:39', 1, '2026-06-29 10:23:51', 1, 0, '2026-06-29 10:23:06.761', 'system', '2026-06-29 10:23:51.362', 'system', b'0', 2, '出站操作');
INSERT IGNORE INTO `smt_lot_operation_status` (`Id`, `LotId`, `RouteStepId`, `Status`, `StationInTime`, `StationInQuantity`, `StationOutTime`, `FinishedQuantity`, `DefectQuantity`, `CreatedAt`, `CreatedBy`, `UpdatedAt`, `UpdatedBy`, `IsDeleted`, `LastOperationType`, `LastOperationRemark`) VALUES (33, 31, 15, 3, '2026-06-29 10:24:53', 1, '2026-06-29 10:39:53', 0, 1, '2026-06-29 10:23:51.362', 'system', '2026-06-29 10:39:52.998', 'system', b'0', 2, '出站操作');
INSERT IGNORE INTO `smt_lot_operation_status` (`Id`, `LotId`, `RouteStepId`, `Status`, `StationInTime`, `StationInQuantity`, `StationOutTime`, `FinishedQuantity`, `DefectQuantity`, `CreatedAt`, `CreatedBy`, `UpdatedAt`, `UpdatedBy`, `IsDeleted`, `LastOperationType`, `LastOperationRemark`) VALUES (34, 5, 8, 3, '2026-06-29 13:41:52', 400, '2026-06-29 13:41:57', 250, 0, '2026-06-29 10:25:26.409', 'system', '2026-06-29 13:41:57.489', 'system', b'0', 2, '出站操作');
INSERT IGNORE INTO `smt_lot_operation_status` (`Id`, `LotId`, `RouteStepId`, `Status`, `StationInTime`, `StationInQuantity`, `StationOutTime`, `FinishedQuantity`, `DefectQuantity`, `CreatedAt`, `CreatedBy`, `UpdatedAt`, `UpdatedBy`, `IsDeleted`, `LastOperationType`, `LastOperationRemark`) VALUES (35, 31, 16, 3, '2026-06-29 10:41:00', 334, '2026-06-29 10:41:16', 1000, 0, '2026-06-29 10:39:52.998', 'system', '2026-06-29 10:41:15.738', 'system', b'0', 2, '123');
INSERT IGNORE INTO `smt_lot_operation_status` (`Id`, `LotId`, `RouteStepId`, `Status`, `StationInTime`, `StationInQuantity`, `StationOutTime`, `FinishedQuantity`, `DefectQuantity`, `CreatedAt`, `CreatedBy`, `UpdatedAt`, `UpdatedBy`, `IsDeleted`, `LastOperationType`, `LastOperationRemark`) VALUES (36, 24, 14, 3, '2026-06-29 21:22:39', 433, '2026-06-29 21:23:33', 0, 0, '2026-06-29 10:40:49.620', 'system', '2026-06-29 21:23:33.153', 'system', b'0', 2, '12324567');
INSERT IGNORE INTO `smt_lot_operation_status` (`Id`, `LotId`, `RouteStepId`, `Status`, `StationInTime`, `StationInQuantity`, `StationOutTime`, `FinishedQuantity`, `DefectQuantity`, `CreatedAt`, `CreatedBy`, `UpdatedAt`, `UpdatedBy`, `IsDeleted`, `LastOperationType`, `LastOperationRemark`) VALUES (37, 31, 17, 3, '2026-06-29 10:41:25', 1, '2026-06-29 10:41:32', 0, 1, '2026-06-29 10:41:15.738', 'system', '2026-06-29 10:41:32.484', 'system', b'0', 2, '出站操作');
INSERT IGNORE INTO `smt_lot_operation_status` (`Id`, `LotId`, `RouteStepId`, `Status`, `StationInTime`, `StationInQuantity`, `StationOutTime`, `FinishedQuantity`, `DefectQuantity`, `CreatedAt`, `CreatedBy`, `UpdatedAt`, `UpdatedBy`, `IsDeleted`, `LastOperationType`, `LastOperationRemark`) VALUES (38, 31, 18, 2, '2026-06-29 22:01:27', 334, NULL, NULL, NULL, '2026-06-29 10:41:32.484', 'system', '2026-06-29 22:01:26.518', 'system', b'0', 2, '进站操作');
INSERT IGNORE INTO `smt_lot_operation_status` (`Id`, `LotId`, `RouteStepId`, `Status`, `StationInTime`, `StationInQuantity`, `StationOutTime`, `FinishedQuantity`, `DefectQuantity`, `CreatedAt`, `CreatedBy`, `UpdatedAt`, `UpdatedBy`, `IsDeleted`, `LastOperationType`, `LastOperationRemark`) VALUES (39, 6, 8, 3, '2026-06-29 14:36:09', 600, '2026-06-29 14:36:21', 0, 0, '2026-06-29 10:51:45.784', 'system', '2026-06-29 14:36:20.778', 'system', b'0', 2, '123');
INSERT IGNORE INTO `smt_lot_operation_status` (`Id`, `LotId`, `RouteStepId`, `Status`, `StationInTime`, `StationInQuantity`, `StationOutTime`, `FinishedQuantity`, `DefectQuantity`, `CreatedAt`, `CreatedBy`, `UpdatedAt`, `UpdatedBy`, `IsDeleted`, `LastOperationType`, `LastOperationRemark`) VALUES (40, 12, 2, 3, '2026-06-29 14:31:06', 400, '2026-06-29 14:31:20', 0, 0, '2026-06-29 13:33:48.204', 'system', '2026-06-29 14:31:19.628', 'system', b'0', 2, '123');
INSERT IGNORE INTO `smt_lot_operation_status` (`Id`, `LotId`, `RouteStepId`, `Status`, `StationInTime`, `StationInQuantity`, `StationOutTime`, `FinishedQuantity`, `DefectQuantity`, `CreatedAt`, `CreatedBy`, `UpdatedAt`, `UpdatedBy`, `IsDeleted`, `LastOperationType`, `LastOperationRemark`) VALUES (41, 4, 9, 3, '2026-06-29 14:28:49', 1, '2026-06-29 14:29:13', 1, 0, '2026-06-29 13:41:27.586', 'system', '2026-06-29 14:29:12.545', 'system', b'0', 2, '出站操作');
INSERT IGNORE INTO `smt_lot_operation_status` (`Id`, `LotId`, `RouteStepId`, `Status`, `StationInTime`, `StationInQuantity`, `StationOutTime`, `FinishedQuantity`, `DefectQuantity`, `CreatedAt`, `CreatedBy`, `UpdatedAt`, `UpdatedBy`, `IsDeleted`, `LastOperationType`, `LastOperationRemark`) VALUES (42, 5, 9, 3, '2026-06-29 21:39:03', 400, '2026-06-29 21:39:11', 400, 0, '2026-06-29 13:41:57.489', 'system', '2026-06-29 21:39:10.529', 'system', b'0', 2, '出站操作');
INSERT IGNORE INTO `smt_lot_operation_status` (`Id`, `LotId`, `RouteStepId`, `Status`, `StationInTime`, `StationInQuantity`, `StationOutTime`, `FinishedQuantity`, `DefectQuantity`, `CreatedAt`, `CreatedBy`, `UpdatedAt`, `UpdatedBy`, `IsDeleted`, `LastOperationType`, `LastOperationRemark`) VALUES (43, 9, 1, 3, '2026-06-29 14:28:54', 600, '2026-06-29 14:29:32', 300, 300, '2026-06-29 14:28:54.332', 'system', '2026-06-29 14:29:31.783', 'system', b'0', 2, '出站操作');
INSERT IGNORE INTO `smt_lot_operation_status` (`Id`, `LotId`, `RouteStepId`, `Status`, `StationInTime`, `StationInQuantity`, `StationOutTime`, `FinishedQuantity`, `DefectQuantity`, `CreatedAt`, `CreatedBy`, `UpdatedAt`, `UpdatedBy`, `IsDeleted`, `LastOperationType`, `LastOperationRemark`) VALUES (44, 11, 1, 3, '2026-06-29 14:28:59', 600, '2026-06-29 21:29:19', 1, 599, '2026-06-29 14:28:59.271', 'system', '2026-06-29 21:29:18.558', 'system', b'0', 2, '出站操作');
INSERT IGNORE INTO `smt_lot_operation_status` (`Id`, `LotId`, `RouteStepId`, `Status`, `StationInTime`, `StationInQuantity`, `StationOutTime`, `FinishedQuantity`, `DefectQuantity`, `CreatedAt`, `CreatedBy`, `UpdatedAt`, `UpdatedBy`, `IsDeleted`, `LastOperationType`, `LastOperationRemark`) VALUES (45, 4, 10, 3, '2026-06-29 14:37:41', 600, '2026-06-29 14:38:08', 0, 0, '2026-06-29 14:29:12.545', 'system', '2026-06-29 14:38:07.521', 'system', b'0', 2, '124355');
INSERT IGNORE INTO `smt_lot_operation_status` (`Id`, `LotId`, `RouteStepId`, `Status`, `StationInTime`, `StationInQuantity`, `StationOutTime`, `FinishedQuantity`, `DefectQuantity`, `CreatedAt`, `CreatedBy`, `UpdatedAt`, `UpdatedBy`, `IsDeleted`, `LastOperationType`, `LastOperationRemark`) VALUES (46, 9, 2, 3, '2026-06-29 14:29:51', 450, '2026-06-29 14:30:07', 0, 0, '2026-06-29 14:29:31.783', 'system', '2026-06-29 14:30:06.805', 'system', b'0', 2, '124');
INSERT IGNORE INTO `smt_lot_operation_status` (`Id`, `LotId`, `RouteStepId`, `Status`, `StationInTime`, `StationInQuantity`, `StationOutTime`, `FinishedQuantity`, `DefectQuantity`, `CreatedAt`, `CreatedBy`, `UpdatedAt`, `UpdatedBy`, `IsDeleted`, `LastOperationType`, `LastOperationRemark`) VALUES (47, 9, 3, 3, '2026-06-29 14:30:29', 333, '2026-06-29 14:30:41', 330, 3, '2026-06-29 14:30:06.805', 'system', '2026-06-29 14:30:40.708', 'system', b'0', 2, '出站操作');
INSERT IGNORE INTO `smt_lot_operation_status` (`Id`, `LotId`, `RouteStepId`, `Status`, `StationInTime`, `StationInQuantity`, `StationOutTime`, `FinishedQuantity`, `DefectQuantity`, `CreatedAt`, `CreatedBy`, `UpdatedAt`, `UpdatedBy`, `IsDeleted`, `LastOperationType`, `LastOperationRemark`) VALUES (48, 9, 4, 3, '2026-06-29 14:30:55', 1, '2026-06-29 14:31:40', 0, 0, '2026-06-29 14:30:40.708', 'system', '2026-06-29 14:31:39.900', 'system', b'0', 2, '123');
INSERT IGNORE INTO `smt_lot_operation_status` (`Id`, `LotId`, `RouteStepId`, `Status`, `StationInTime`, `StationInQuantity`, `StationOutTime`, `FinishedQuantity`, `DefectQuantity`, `CreatedAt`, `CreatedBy`, `UpdatedAt`, `UpdatedBy`, `IsDeleted`, `LastOperationType`, `LastOperationRemark`) VALUES (49, 12, 3, 3, '2026-06-29 21:34:28', 434, '2026-06-29 21:34:33', 434, 0, '2026-06-29 14:31:19.628', 'system', '2026-06-29 21:34:32.591', 'system', b'0', 2, '出站操作');
INSERT IGNORE INTO `smt_lot_operation_status` (`Id`, `LotId`, `RouteStepId`, `Status`, `StationInTime`, `StationInQuantity`, `StationOutTime`, `FinishedQuantity`, `DefectQuantity`, `CreatedAt`, `CreatedBy`, `UpdatedAt`, `UpdatedBy`, `IsDeleted`, `LastOperationType`, `LastOperationRemark`) VALUES (50, 9, 5, 1, NULL, NULL, NULL, NULL, NULL, '2026-06-29 14:31:39.900', 'system', '2026-06-29 14:31:39.900', 'system', b'0', 1, '上一道工序出站，自动创建下一道工序待进站');
INSERT IGNORE INTO `smt_lot_operation_status` (`Id`, `LotId`, `RouteStepId`, `Status`, `StationInTime`, `StationInQuantity`, `StationOutTime`, `FinishedQuantity`, `DefectQuantity`, `CreatedAt`, `CreatedBy`, `UpdatedAt`, `UpdatedBy`, `IsDeleted`, `LastOperationType`, `LastOperationRemark`) VALUES (51, 6, 9, 3, '2026-06-29 21:39:51', 400, '2026-06-29 21:39:55', 400, 0, '2026-06-29 14:36:20.778', 'system', '2026-06-29 21:39:55.389', 'system', b'0', 2, '出站操作');
INSERT IGNORE INTO `smt_lot_operation_status` (`Id`, `LotId`, `RouteStepId`, `Status`, `StationInTime`, `StationInQuantity`, `StationOutTime`, `FinishedQuantity`, `DefectQuantity`, `CreatedAt`, `CreatedBy`, `UpdatedAt`, `UpdatedBy`, `IsDeleted`, `LastOperationType`, `LastOperationRemark`) VALUES (52, 4, 11, 3, '2026-06-29 21:38:45', 600, '2026-06-29 21:38:50', 600, 0, '2026-06-29 14:38:07.521', 'system', '2026-06-29 21:38:49.925', 'system', b'0', 2, '出站操作');
INSERT IGNORE INTO `smt_lot_operation_status` (`Id`, `LotId`, `RouteStepId`, `Status`, `StationInTime`, `StationInQuantity`, `StationOutTime`, `FinishedQuantity`, `DefectQuantity`, `CreatedAt`, `CreatedBy`, `UpdatedAt`, `UpdatedBy`, `IsDeleted`, `LastOperationType`, `LastOperationRemark`) VALUES (53, 22, 3, 3, '2026-06-29 21:54:40', 400, '2026-06-29 21:54:44', 400, 0, '2026-06-29 21:22:10.167', 'system', '2026-06-29 21:54:44.375', 'system', b'0', 2, '出站操作');
INSERT IGNORE INTO `smt_lot_operation_status` (`Id`, `LotId`, `RouteStepId`, `Status`, `StationInTime`, `StationInQuantity`, `StationOutTime`, `FinishedQuantity`, `DefectQuantity`, `CreatedAt`, `CreatedBy`, `UpdatedAt`, `UpdatedBy`, `IsDeleted`, `LastOperationType`, `LastOperationRemark`) VALUES (54, 24, 15, 3, '2026-06-29 22:07:15', 434, '2026-06-29 22:07:28', 434, 0, '2026-06-29 21:23:33.153', 'system', '2026-06-29 22:07:27.968', 'system', b'0', 2, '出站操作');
INSERT IGNORE INTO `smt_lot_operation_status` (`Id`, `LotId`, `RouteStepId`, `Status`, `StationInTime`, `StationInQuantity`, `StationOutTime`, `FinishedQuantity`, `DefectQuantity`, `CreatedAt`, `CreatedBy`, `UpdatedAt`, `UpdatedBy`, `IsDeleted`, `LastOperationType`, `LastOperationRemark`) VALUES (55, 26, 13, 3, '2026-06-29 21:25:14', 334, '2026-06-29 21:25:43', 328, 6, '2026-06-29 21:25:13.662', 'system', '2026-06-29 21:25:43.048', 'system', b'0', 2, '出站操作');
INSERT IGNORE INTO `smt_lot_operation_status` (`Id`, `LotId`, `RouteStepId`, `Status`, `StationInTime`, `StationInQuantity`, `StationOutTime`, `FinishedQuantity`, `DefectQuantity`, `CreatedAt`, `CreatedBy`, `UpdatedAt`, `UpdatedBy`, `IsDeleted`, `LastOperationType`, `LastOperationRemark`) VALUES (56, 26, 14, 3, '2026-06-29 21:26:03', 433, '2026-06-29 21:26:17', 0, 0, '2026-06-29 21:25:43.048', 'system', '2026-06-29 21:26:16.848', 'system', b'0', 2, '1234');
INSERT IGNORE INTO `smt_lot_operation_status` (`Id`, `LotId`, `RouteStepId`, `Status`, `StationInTime`, `StationInQuantity`, `StationOutTime`, `FinishedQuantity`, `DefectQuantity`, `CreatedAt`, `CreatedBy`, `UpdatedAt`, `UpdatedBy`, `IsDeleted`, `LastOperationType`, `LastOperationRemark`) VALUES (57, 26, 15, 3, '2026-06-29 21:26:34', 433, '2026-06-29 21:26:53', 413, 20, '2026-06-29 21:26:16.848', 'system', '2026-06-29 21:26:52.913', 'system', b'0', 2, '1234');
INSERT IGNORE INTO `smt_lot_operation_status` (`Id`, `LotId`, `RouteStepId`, `Status`, `StationInTime`, `StationInQuantity`, `StationOutTime`, `FinishedQuantity`, `DefectQuantity`, `CreatedAt`, `CreatedBy`, `UpdatedAt`, `UpdatedBy`, `IsDeleted`, `LastOperationType`, `LastOperationRemark`) VALUES (58, 26, 16, 2, '2026-06-29 21:27:17', 433, NULL, NULL, NULL, '2026-06-29 21:26:52.913', 'system', '2026-06-29 21:27:17.422', 'system', b'0', 2, '进站操作');
INSERT IGNORE INTO `smt_lot_operation_status` (`Id`, `LotId`, `RouteStepId`, `Status`, `StationInTime`, `StationInQuantity`, `StationOutTime`, `FinishedQuantity`, `DefectQuantity`, `CreatedAt`, `CreatedBy`, `UpdatedAt`, `UpdatedBy`, `IsDeleted`, `LastOperationType`, `LastOperationRemark`) VALUES (59, 25, 13, 3, '2026-06-29 21:29:12', 433, '2026-06-29 21:30:27', 433, 0, '2026-06-29 21:29:11.732', 'system', '2026-06-29 21:30:26.677', 'system', b'0', 2, '出站操作');
INSERT IGNORE INTO `smt_lot_operation_status` (`Id`, `LotId`, `RouteStepId`, `Status`, `StationInTime`, `StationInQuantity`, `StationOutTime`, `FinishedQuantity`, `DefectQuantity`, `CreatedAt`, `CreatedBy`, `UpdatedAt`, `UpdatedBy`, `IsDeleted`, `LastOperationType`, `LastOperationRemark`) VALUES (60, 11, 2, 2, '2026-06-29 21:42:34', 750, NULL, NULL, NULL, '2026-06-29 21:29:18.558', 'system', '2026-06-29 21:42:34.165', 'system', b'0', 2, '进站操作');
INSERT IGNORE INTO `smt_lot_operation_status` (`Id`, `LotId`, `RouteStepId`, `Status`, `StationInTime`, `StationInQuantity`, `StationOutTime`, `FinishedQuantity`, `DefectQuantity`, `CreatedAt`, `CreatedBy`, `UpdatedAt`, `UpdatedBy`, `IsDeleted`, `LastOperationType`, `LastOperationRemark`) VALUES (61, 25, 14, 3, '2026-06-29 21:31:18', 433, '2026-06-29 21:31:37', 0, 0, '2026-06-29 21:30:26.677', 'system', '2026-06-29 21:31:36.731', 'system', b'0', 2, '出站操作');
INSERT IGNORE INTO `smt_lot_operation_status` (`Id`, `LotId`, `RouteStepId`, `Status`, `StationInTime`, `StationInQuantity`, `StationOutTime`, `FinishedQuantity`, `DefectQuantity`, `CreatedAt`, `CreatedBy`, `UpdatedAt`, `UpdatedBy`, `IsDeleted`, `LastOperationType`, `LastOperationRemark`) VALUES (62, 25, 15, 3, '2026-06-29 21:32:03', 433, '2026-06-29 21:32:19', 420, 13, '2026-06-29 21:31:36.731', 'system', '2026-06-29 21:32:19.081', 'system', b'0', 2, '出站操作');
INSERT IGNORE INTO `smt_lot_operation_status` (`Id`, `LotId`, `RouteStepId`, `Status`, `StationInTime`, `StationInQuantity`, `StationOutTime`, `FinishedQuantity`, `DefectQuantity`, `CreatedAt`, `CreatedBy`, `UpdatedAt`, `UpdatedBy`, `IsDeleted`, `LastOperationType`, `LastOperationRemark`) VALUES (63, 25, 16, 3, '2026-06-29 21:32:34', 433, '2026-06-29 21:32:45', 0, 0, '2026-06-29 21:32:19.081', 'system', '2026-06-29 21:32:45.160', 'system', b'0', 2, '12345');
INSERT IGNORE INTO `smt_lot_operation_status` (`Id`, `LotId`, `RouteStepId`, `Status`, `StationInTime`, `StationInQuantity`, `StationOutTime`, `FinishedQuantity`, `DefectQuantity`, `CreatedAt`, `CreatedBy`, `UpdatedAt`, `UpdatedBy`, `IsDeleted`, `LastOperationType`, `LastOperationRemark`) VALUES (64, 25, 17, 3, '2026-06-29 21:32:59', 433, '2026-06-29 21:33:18', 400, 33, '2026-06-29 21:32:45.160', 'system', '2026-06-29 21:33:17.842', 'system', b'0', 2, '123');
INSERT IGNORE INTO `smt_lot_operation_status` (`Id`, `LotId`, `RouteStepId`, `Status`, `StationInTime`, `StationInQuantity`, `StationOutTime`, `FinishedQuantity`, `DefectQuantity`, `CreatedAt`, `CreatedBy`, `UpdatedAt`, `UpdatedBy`, `IsDeleted`, `LastOperationType`, `LastOperationRemark`) VALUES (65, 25, 18, 3, '2026-06-29 21:33:31', 1, '2026-06-29 21:33:42', 0, 1, '2026-06-29 21:33:17.842', 'system', '2026-06-29 21:33:42.300', 'system', b'0', 2, '123');
INSERT IGNORE INTO `smt_lot_operation_status` (`Id`, `LotId`, `RouteStepId`, `Status`, `StationInTime`, `StationInQuantity`, `StationOutTime`, `FinishedQuantity`, `DefectQuantity`, `CreatedAt`, `CreatedBy`, `UpdatedAt`, `UpdatedBy`, `IsDeleted`, `LastOperationType`, `LastOperationRemark`) VALUES (66, 12, 4, 2, '2026-06-29 21:34:45', 750, NULL, NULL, NULL, '2026-06-29 21:34:32.591', 'system', '2026-06-29 21:34:44.728', 'system', b'0', 2, '进站操作');
INSERT IGNORE INTO `smt_lot_operation_status` (`Id`, `LotId`, `RouteStepId`, `Status`, `StationInTime`, `StationInQuantity`, `StationOutTime`, `FinishedQuantity`, `DefectQuantity`, `CreatedAt`, `CreatedBy`, `UpdatedAt`, `UpdatedBy`, `IsDeleted`, `LastOperationType`, `LastOperationRemark`) VALUES (67, 4, 12, 3, '2026-06-29 22:01:13', 1, '2026-06-29 22:01:16', 1, 0, '2026-06-29 21:38:49.925', 'system', '2026-06-29 22:01:16.179', 'system', b'0', 2, '出站操作');
INSERT IGNORE INTO `smt_lot_operation_status` (`Id`, `LotId`, `RouteStepId`, `Status`, `StationInTime`, `StationInQuantity`, `StationOutTime`, `FinishedQuantity`, `DefectQuantity`, `CreatedAt`, `CreatedBy`, `UpdatedAt`, `UpdatedBy`, `IsDeleted`, `LastOperationType`, `LastOperationRemark`) VALUES (68, 5, 10, 2, '2026-06-29 21:39:20', 600, NULL, NULL, NULL, '2026-06-29 21:39:10.529', 'system', '2026-06-29 21:39:19.984', 'system', b'0', 2, '进站操作');
INSERT IGNORE INTO `smt_lot_operation_status` (`Id`, `LotId`, `RouteStepId`, `Status`, `StationInTime`, `StationInQuantity`, `StationOutTime`, `FinishedQuantity`, `DefectQuantity`, `CreatedAt`, `CreatedBy`, `UpdatedAt`, `UpdatedBy`, `IsDeleted`, `LastOperationType`, `LastOperationRemark`) VALUES (69, 6, 10, 2, '2026-06-29 21:40:04', 600, NULL, NULL, NULL, '2026-06-29 21:39:55.389', 'system', '2026-06-29 21:40:03.624', 'system', b'0', 2, '进站操作');
INSERT IGNORE INTO `smt_lot_operation_status` (`Id`, `LotId`, `RouteStepId`, `Status`, `StationInTime`, `StationInQuantity`, `StationOutTime`, `FinishedQuantity`, `DefectQuantity`, `CreatedAt`, `CreatedBy`, `UpdatedAt`, `UpdatedBy`, `IsDeleted`, `LastOperationType`, `LastOperationRemark`) VALUES (70, 21, 1, 3, '2026-06-29 21:44:22', 450, '2026-06-29 21:44:30', 450, 0, '2026-06-29 21:44:22.356', 'system', '2026-06-29 21:44:29.779', 'system', b'0', 2, '出站操作');
INSERT IGNORE INTO `smt_lot_operation_status` (`Id`, `LotId`, `RouteStepId`, `Status`, `StationInTime`, `StationInQuantity`, `StationOutTime`, `FinishedQuantity`, `DefectQuantity`, `CreatedAt`, `CreatedBy`, `UpdatedAt`, `UpdatedBy`, `IsDeleted`, `LastOperationType`, `LastOperationRemark`) VALUES (71, 21, 2, 2, '2026-06-29 21:44:40', 334, NULL, NULL, NULL, '2026-06-29 21:44:29.779', 'system', '2026-06-29 21:44:39.872', 'system', b'0', 2, '进站操作');
INSERT IGNORE INTO `smt_lot_operation_status` (`Id`, `LotId`, `RouteStepId`, `Status`, `StationInTime`, `StationInQuantity`, `StationOutTime`, `FinishedQuantity`, `DefectQuantity`, `CreatedAt`, `CreatedBy`, `UpdatedAt`, `UpdatedBy`, `IsDeleted`, `LastOperationType`, `LastOperationRemark`) VALUES (72, 22, 4, 2, '2026-06-29 21:55:02', 333, NULL, NULL, NULL, '2026-06-29 21:54:44.375', 'system', '2026-06-29 21:55:02.437', 'system', b'0', 2, '进站操作');
INSERT IGNORE INTO `smt_lot_operation_status` (`Id`, `LotId`, `RouteStepId`, `Status`, `StationInTime`, `StationInQuantity`, `StationOutTime`, `FinishedQuantity`, `DefectQuantity`, `CreatedAt`, `CreatedBy`, `UpdatedAt`, `UpdatedBy`, `IsDeleted`, `LastOperationType`, `LastOperationRemark`) VALUES (73, 23, 1, 3, '2026-06-29 21:57:16', 333, '2026-06-29 21:57:26', 333, 0, '2026-06-29 21:57:15.774', 'system', '2026-06-29 21:57:26.186', 'system', b'0', 2, '出站操作');
INSERT IGNORE INTO `smt_lot_operation_status` (`Id`, `LotId`, `RouteStepId`, `Status`, `StationInTime`, `StationInQuantity`, `StationOutTime`, `FinishedQuantity`, `DefectQuantity`, `CreatedAt`, `CreatedBy`, `UpdatedAt`, `UpdatedBy`, `IsDeleted`, `LastOperationType`, `LastOperationRemark`) VALUES (74, 23, 2, 2, '2026-06-29 21:57:49', 333, NULL, NULL, NULL, '2026-06-29 21:57:26.186', 'system', '2026-06-29 21:57:48.795', 'system', b'0', 2, '进站操作');
INSERT IGNORE INTO `smt_lot_operation_status` (`Id`, `LotId`, `RouteStepId`, `Status`, `StationInTime`, `StationInQuantity`, `StationOutTime`, `FinishedQuantity`, `DefectQuantity`, `CreatedAt`, `CreatedBy`, `UpdatedAt`, `UpdatedBy`, `IsDeleted`, `LastOperationType`, `LastOperationRemark`) VALUES (75, 24, 16, 3, '2026-06-29 22:07:41', 434, '2026-06-29 22:07:54', 0, 0, '2026-06-29 22:07:27.968', 'system', '2026-06-29 22:07:54.217', 'system', b'0', 2, '出站操作');
INSERT IGNORE INTO `smt_lot_operation_status` (`Id`, `LotId`, `RouteStepId`, `Status`, `StationInTime`, `StationInQuantity`, `StationOutTime`, `FinishedQuantity`, `DefectQuantity`, `CreatedAt`, `CreatedBy`, `UpdatedAt`, `UpdatedBy`, `IsDeleted`, `LastOperationType`, `LastOperationRemark`) VALUES (76, 24, 17, 3, '2026-06-29 22:08:10', 434, '2026-06-29 22:08:21', 429, 5, '2026-06-29 22:07:54.217', 'system', '2026-06-29 22:08:21.163', 'system', b'0', 2, '123');
INSERT IGNORE INTO `smt_lot_operation_status` (`Id`, `LotId`, `RouteStepId`, `Status`, `StationInTime`, `StationInQuantity`, `StationOutTime`, `FinishedQuantity`, `DefectQuantity`, `CreatedAt`, `CreatedBy`, `UpdatedAt`, `UpdatedBy`, `IsDeleted`, `LastOperationType`, `LastOperationRemark`) VALUES (77, 24, 18, 3, '2026-06-29 22:08:37', 434, '2026-06-29 22:08:48', 424, 10, '2026-06-29 22:08:21.163', 'system', '2026-06-29 22:08:47.918', 'system', b'0', 2, '出站操作');
INSERT IGNORE INTO `smt_lot_operation_status` (`Id`, `LotId`, `RouteStepId`, `Status`, `StationInTime`, `StationInQuantity`, `StationOutTime`, `FinishedQuantity`, `DefectQuantity`, `CreatedAt`, `CreatedBy`, `UpdatedAt`, `UpdatedBy`, `IsDeleted`, `LastOperationType`, `LastOperationRemark`) VALUES (78, 30, 13, 3, '2026-06-29 22:09:00', 334, '2026-06-29 22:09:20', 314, 20, '2026-06-29 22:08:59.864', 'system', '2026-06-29 22:09:19.539', 'system', b'0', 2, '123');
INSERT IGNORE INTO `smt_lot_operation_status` (`Id`, `LotId`, `RouteStepId`, `Status`, `StationInTime`, `StationInQuantity`, `StationOutTime`, `FinishedQuantity`, `DefectQuantity`, `CreatedAt`, `CreatedBy`, `UpdatedAt`, `UpdatedBy`, `IsDeleted`, `LastOperationType`, `LastOperationRemark`) VALUES (79, 30, 14, 3, '2026-06-29 22:09:29', 334, '2026-06-29 22:09:43', 0, 0, '2026-06-29 22:09:19.539', 'system', '2026-06-29 22:09:42.952', 'system', b'0', 2, '123');
INSERT IGNORE INTO `smt_lot_operation_status` (`Id`, `LotId`, `RouteStepId`, `Status`, `StationInTime`, `StationInQuantity`, `StationOutTime`, `FinishedQuantity`, `DefectQuantity`, `CreatedAt`, `CreatedBy`, `UpdatedAt`, `UpdatedBy`, `IsDeleted`, `LastOperationType`, `LastOperationRemark`) VALUES (80, 30, 15, 3, '2026-06-29 22:09:55', 334, '2026-06-29 22:10:06', 324, 10, '2026-06-29 22:09:42.952', 'system', '2026-06-29 22:10:05.823', 'system', b'0', 2, '123');
INSERT IGNORE INTO `smt_lot_operation_status` (`Id`, `LotId`, `RouteStepId`, `Status`, `StationInTime`, `StationInQuantity`, `StationOutTime`, `FinishedQuantity`, `DefectQuantity`, `CreatedAt`, `CreatedBy`, `UpdatedAt`, `UpdatedBy`, `IsDeleted`, `LastOperationType`, `LastOperationRemark`) VALUES (81, 30, 16, 2, '2026-06-29 22:10:16', 334, NULL, NULL, NULL, '2026-06-29 22:10:05.823', 'system', '2026-06-29 22:10:16.449', 'system', b'0', 2, '进站操作');

-- smt_station_in_records (60 rows)
INSERT IGNORE INTO `smt_station_in_records` (`Id`, `LotId`, `RouteStepId`, `Round`, `EquipmentId`, `OperatorId`, `StationInTime`, `StationInQuantity`, `Status`, `VerifyRemark`, `CreatedAt`, `CreatedBy`, `UpdatedAt`, `UpdatedBy`, `IsDeleted`, `LastOperationType`, `LastOperationRemark`) VALUES (1, 4, 7, 1, 9, 5, '2026-06-21 23:22:36', 1, 1, NULL, '2026-06-21 23:22:35.639', 'system', '2026-06-21 23:22:35.639', 'system', b'0', 1, NULL);
INSERT IGNORE INTO `smt_station_in_records` (`Id`, `LotId`, `RouteStepId`, `Round`, `EquipmentId`, `OperatorId`, `StationInTime`, `StationInQuantity`, `Status`, `VerifyRemark`, `CreatedAt`, `CreatedBy`, `UpdatedAt`, `UpdatedBy`, `IsDeleted`, `LastOperationType`, `LastOperationRemark`) VALUES (2, 5, 7, 1, 12, 5, '2026-06-21 23:28:33', 1, 1, NULL, '2026-06-21 23:28:33.235', 'system', '2026-06-21 23:28:33.235', 'system', b'0', 1, NULL);
INSERT IGNORE INTO `smt_station_in_records` (`Id`, `LotId`, `RouteStepId`, `Round`, `EquipmentId`, `OperatorId`, `StationInTime`, `StationInQuantity`, `Status`, `VerifyRemark`, `CreatedAt`, `CreatedBy`, `UpdatedAt`, `UpdatedBy`, `IsDeleted`, `LastOperationType`, `LastOperationRemark`) VALUES (3, 6, 7, 1, 12, 5, '2026-06-22 00:20:02', 1000, 1, NULL, '2026-06-22 00:20:01.946', 'system', '2026-06-22 00:20:01.946', 'system', b'0', 1, NULL);
INSERT IGNORE INTO `smt_station_in_records` (`Id`, `LotId`, `RouteStepId`, `Round`, `EquipmentId`, `OperatorId`, `StationInTime`, `StationInQuantity`, `Status`, `VerifyRemark`, `CreatedAt`, `CreatedBy`, `UpdatedAt`, `UpdatedBy`, `IsDeleted`, `LastOperationType`, `LastOperationRemark`) VALUES (4, 12, 1, 1, 9, 5, '2026-06-22 00:20:12', 450, 1, NULL, '2026-06-22 00:20:11.532', 'system', '2026-06-22 00:20:11.532', 'system', b'0', 1, NULL);
INSERT IGNORE INTO `smt_station_in_records` (`Id`, `LotId`, `RouteStepId`, `Round`, `EquipmentId`, `OperatorId`, `StationInTime`, `StationInQuantity`, `Status`, `VerifyRemark`, `CreatedAt`, `CreatedBy`, `UpdatedAt`, `UpdatedBy`, `IsDeleted`, `LastOperationType`, `LastOperationRemark`) VALUES (5, 22, 1, 1, 1, 16, '2026-06-22 00:23:00', 333, 1, NULL, '2026-06-22 00:23:00.076', 'system', '2026-06-22 00:23:00.076', 'system', b'0', 1, NULL);
INSERT IGNORE INTO `smt_station_in_records` (`Id`, `LotId`, `RouteStepId`, `Round`, `EquipmentId`, `OperatorId`, `StationInTime`, `StationInQuantity`, `Status`, `VerifyRemark`, `CreatedAt`, `CreatedBy`, `UpdatedAt`, `UpdatedBy`, `IsDeleted`, `LastOperationType`, `LastOperationRemark`) VALUES (6, 24, 13, 1, 12, 5, '2026-06-22 15:11:11', 450, 1, NULL, '2026-06-22 15:11:10.626', 'system', '2026-06-22 15:11:10.626', 'system', b'0', 1, NULL);
INSERT IGNORE INTO `smt_station_in_records` (`Id`, `LotId`, `RouteStepId`, `Round`, `EquipmentId`, `OperatorId`, `StationInTime`, `StationInQuantity`, `Status`, `VerifyRemark`, `CreatedAt`, `CreatedBy`, `UpdatedAt`, `UpdatedBy`, `IsDeleted`, `LastOperationType`, `LastOperationRemark`) VALUES (7, 31, 13, 1, 9, 5, '2026-06-29 10:22:53', 333, 1, NULL, '2026-06-29 10:22:53.477', 'system', '2026-06-29 10:22:53.477', 'system', b'0', 1, NULL);
INSERT IGNORE INTO `smt_station_in_records` (`Id`, `LotId`, `RouteStepId`, `Round`, `EquipmentId`, `OperatorId`, `StationInTime`, `StationInQuantity`, `Status`, `VerifyRemark`, `CreatedAt`, `CreatedBy`, `UpdatedAt`, `UpdatedBy`, `IsDeleted`, `LastOperationType`, `LastOperationRemark`) VALUES (8, 31, 14, 1, 14, 5, '2026-06-29 10:23:39', 1, 1, NULL, '2026-06-29 10:23:39.460', 'system', '2026-06-29 10:23:39.460', 'system', b'0', 1, NULL);
INSERT IGNORE INTO `smt_station_in_records` (`Id`, `LotId`, `RouteStepId`, `Round`, `EquipmentId`, `OperatorId`, `StationInTime`, `StationInQuantity`, `Status`, `VerifyRemark`, `CreatedAt`, `CreatedBy`, `UpdatedAt`, `UpdatedBy`, `IsDeleted`, `LastOperationType`, `LastOperationRemark`) VALUES (9, 31, 15, 1, 12, 5, '2026-06-29 10:24:53', 1, 1, NULL, '2026-06-29 10:24:52.707', 'system', '2026-06-29 10:24:52.707', 'system', b'0', 1, NULL);
INSERT IGNORE INTO `smt_station_in_records` (`Id`, `LotId`, `RouteStepId`, `Round`, `EquipmentId`, `OperatorId`, `StationInTime`, `StationInQuantity`, `Status`, `VerifyRemark`, `CreatedAt`, `CreatedBy`, `UpdatedAt`, `UpdatedBy`, `IsDeleted`, `LastOperationType`, `LastOperationRemark`) VALUES (10, 31, 16, 1, 12, 5, '2026-06-29 10:41:00', 334, 1, NULL, '2026-06-29 10:41:00.283', 'system', '2026-06-29 10:41:00.283', 'system', b'0', 1, NULL);
INSERT IGNORE INTO `smt_station_in_records` (`Id`, `LotId`, `RouteStepId`, `Round`, `EquipmentId`, `OperatorId`, `StationInTime`, `StationInQuantity`, `Status`, `VerifyRemark`, `CreatedAt`, `CreatedBy`, `UpdatedAt`, `UpdatedBy`, `IsDeleted`, `LastOperationType`, `LastOperationRemark`) VALUES (11, 31, 17, 1, 13, 5, '2026-06-29 10:41:25', 1, 1, NULL, '2026-06-29 10:41:24.654', 'system', '2026-06-29 10:41:24.654', 'system', b'0', 1, NULL);
INSERT IGNORE INTO `smt_station_in_records` (`Id`, `LotId`, `RouteStepId`, `Round`, `EquipmentId`, `OperatorId`, `StationInTime`, `StationInQuantity`, `Status`, `VerifyRemark`, `CreatedAt`, `CreatedBy`, `UpdatedAt`, `UpdatedBy`, `IsDeleted`, `LastOperationType`, `LastOperationRemark`) VALUES (12, 4, 8, 1, 9, 5, '2026-06-29 13:41:24', 1, 1, NULL, '2026-06-29 13:41:23.517', 'system', '2026-06-29 13:41:23.517', 'system', b'0', 1, NULL);
INSERT IGNORE INTO `smt_station_in_records` (`Id`, `LotId`, `RouteStepId`, `Round`, `EquipmentId`, `OperatorId`, `StationInTime`, `StationInQuantity`, `Status`, `VerifyRemark`, `CreatedAt`, `CreatedBy`, `UpdatedAt`, `UpdatedBy`, `IsDeleted`, `LastOperationType`, `LastOperationRemark`) VALUES (13, 5, 8, 1, 8, 5, '2026-06-29 13:41:52', 400, 1, NULL, '2026-06-29 13:41:51.704', 'system', '2026-06-29 13:41:51.704', 'system', b'0', 1, NULL);
INSERT IGNORE INTO `smt_station_in_records` (`Id`, `LotId`, `RouteStepId`, `Round`, `EquipmentId`, `OperatorId`, `StationInTime`, `StationInQuantity`, `Status`, `VerifyRemark`, `CreatedAt`, `CreatedBy`, `UpdatedAt`, `UpdatedBy`, `IsDeleted`, `LastOperationType`, `LastOperationRemark`) VALUES (14, 7, 17, 1, 3, 5, '2026-06-29 14:27:23', 600, 1, NULL, '2026-06-29 14:27:23.379', 'system', '2026-06-29 14:27:23.379', 'system', b'0', 1, NULL);
INSERT IGNORE INTO `smt_station_in_records` (`Id`, `LotId`, `RouteStepId`, `Round`, `EquipmentId`, `OperatorId`, `StationInTime`, `StationInQuantity`, `Status`, `VerifyRemark`, `CreatedAt`, `CreatedBy`, `UpdatedAt`, `UpdatedBy`, `IsDeleted`, `LastOperationType`, `LastOperationRemark`) VALUES (15, 7, 18, 1, 12, 5, '2026-06-29 14:27:53', 1, 1, NULL, '2026-06-29 14:27:53.478', 'system', '2026-06-29 14:27:53.478', 'system', b'0', 1, NULL);
INSERT IGNORE INTO `smt_station_in_records` (`Id`, `LotId`, `RouteStepId`, `Round`, `EquipmentId`, `OperatorId`, `StationInTime`, `StationInQuantity`, `Status`, `VerifyRemark`, `CreatedAt`, `CreatedBy`, `UpdatedAt`, `UpdatedBy`, `IsDeleted`, `LastOperationType`, `LastOperationRemark`) VALUES (16, 4, 9, 1, 8, 5, '2026-06-29 14:28:49', 1, 1, NULL, '2026-06-29 14:28:48.515', 'system', '2026-06-29 14:28:48.515', 'system', b'0', 1, NULL);
INSERT IGNORE INTO `smt_station_in_records` (`Id`, `LotId`, `RouteStepId`, `Round`, `EquipmentId`, `OperatorId`, `StationInTime`, `StationInQuantity`, `Status`, `VerifyRemark`, `CreatedAt`, `CreatedBy`, `UpdatedAt`, `UpdatedBy`, `IsDeleted`, `LastOperationType`, `LastOperationRemark`) VALUES (17, 9, 1, 1, 9, 5, '2026-06-29 14:28:54', 600, 1, NULL, '2026-06-29 14:28:54.332', 'system', '2026-06-29 14:28:54.332', 'system', b'0', 1, NULL);
INSERT IGNORE INTO `smt_station_in_records` (`Id`, `LotId`, `RouteStepId`, `Round`, `EquipmentId`, `OperatorId`, `StationInTime`, `StationInQuantity`, `Status`, `VerifyRemark`, `CreatedAt`, `CreatedBy`, `UpdatedAt`, `UpdatedBy`, `IsDeleted`, `LastOperationType`, `LastOperationRemark`) VALUES (18, 11, 1, 1, 7, 5, '2026-06-29 14:28:59', 600, 1, NULL, '2026-06-29 14:28:59.271', 'system', '2026-06-29 14:28:59.271', 'system', b'0', 1, NULL);
INSERT IGNORE INTO `smt_station_in_records` (`Id`, `LotId`, `RouteStepId`, `Round`, `EquipmentId`, `OperatorId`, `StationInTime`, `StationInQuantity`, `Status`, `VerifyRemark`, `CreatedAt`, `CreatedBy`, `UpdatedAt`, `UpdatedBy`, `IsDeleted`, `LastOperationType`, `LastOperationRemark`) VALUES (19, 9, 2, 1, 9, 5, '2026-06-29 14:29:51', 450, 1, NULL, '2026-06-29 14:29:50.740', 'system', '2026-06-29 14:29:50.740', 'system', b'0', 1, NULL);
INSERT IGNORE INTO `smt_station_in_records` (`Id`, `LotId`, `RouteStepId`, `Round`, `EquipmentId`, `OperatorId`, `StationInTime`, `StationInQuantity`, `Status`, `VerifyRemark`, `CreatedAt`, `CreatedBy`, `UpdatedAt`, `UpdatedBy`, `IsDeleted`, `LastOperationType`, `LastOperationRemark`) VALUES (20, 9, 3, 1, 12, 5, '2026-06-29 14:30:29', 333, 1, NULL, '2026-06-29 14:30:29.231', 'system', '2026-06-29 14:30:29.231', 'system', b'0', 1, NULL);
INSERT IGNORE INTO `smt_station_in_records` (`Id`, `LotId`, `RouteStepId`, `Round`, `EquipmentId`, `OperatorId`, `StationInTime`, `StationInQuantity`, `Status`, `VerifyRemark`, `CreatedAt`, `CreatedBy`, `UpdatedAt`, `UpdatedBy`, `IsDeleted`, `LastOperationType`, `LastOperationRemark`) VALUES (21, 9, 4, 1, 12, 5, '2026-06-29 14:30:55', 1, 1, NULL, '2026-06-29 14:30:54.927', 'system', '2026-06-29 14:30:54.927', 'system', b'0', 1, NULL);
INSERT IGNORE INTO `smt_station_in_records` (`Id`, `LotId`, `RouteStepId`, `Round`, `EquipmentId`, `OperatorId`, `StationInTime`, `StationInQuantity`, `Status`, `VerifyRemark`, `CreatedAt`, `CreatedBy`, `UpdatedAt`, `UpdatedBy`, `IsDeleted`, `LastOperationType`, `LastOperationRemark`) VALUES (22, 12, 2, 1, 12, 5, '2026-06-29 14:31:06', 400, 1, NULL, '2026-06-29 14:31:05.686', 'system', '2026-06-29 14:31:05.686', 'system', b'0', 1, NULL);
INSERT IGNORE INTO `smt_station_in_records` (`Id`, `LotId`, `RouteStepId`, `Round`, `EquipmentId`, `OperatorId`, `StationInTime`, `StationInQuantity`, `Status`, `VerifyRemark`, `CreatedAt`, `CreatedBy`, `UpdatedAt`, `UpdatedBy`, `IsDeleted`, `LastOperationType`, `LastOperationRemark`) VALUES (23, 6, 8, 1, 12, 5, '2026-06-29 14:36:09', 600, 1, NULL, '2026-06-29 14:36:09.039', 'system', '2026-06-29 14:36:09.039', 'system', b'0', 1, NULL);
INSERT IGNORE INTO `smt_station_in_records` (`Id`, `LotId`, `RouteStepId`, `Round`, `EquipmentId`, `OperatorId`, `StationInTime`, `StationInQuantity`, `Status`, `VerifyRemark`, `CreatedAt`, `CreatedBy`, `UpdatedAt`, `UpdatedBy`, `IsDeleted`, `LastOperationType`, `LastOperationRemark`) VALUES (24, 4, 10, 1, 12, 5, '2026-06-29 14:37:41', 600, 1, NULL, '2026-06-29 14:37:41.216', 'system', '2026-06-29 14:37:41.216', 'system', b'0', 1, NULL);
INSERT IGNORE INTO `smt_station_in_records` (`Id`, `LotId`, `RouteStepId`, `Round`, `EquipmentId`, `OperatorId`, `StationInTime`, `StationInQuantity`, `Status`, `VerifyRemark`, `CreatedAt`, `CreatedBy`, `UpdatedAt`, `UpdatedBy`, `IsDeleted`, `LastOperationType`, `LastOperationRemark`) VALUES (25, 22, 2, 1, 9, 5, '2026-06-29 14:38:42', 333, 1, NULL, '2026-06-29 14:38:41.998', 'system', '2026-06-29 14:38:41.998', 'system', b'0', 1, NULL);
INSERT IGNORE INTO `smt_station_in_records` (`Id`, `LotId`, `RouteStepId`, `Round`, `EquipmentId`, `OperatorId`, `StationInTime`, `StationInQuantity`, `Status`, `VerifyRemark`, `CreatedAt`, `CreatedBy`, `UpdatedAt`, `UpdatedBy`, `IsDeleted`, `LastOperationType`, `LastOperationRemark`) VALUES (26, 24, 14, 1, 13, 5, '2026-06-29 21:22:39', 433, 1, NULL, '2026-06-29 21:22:38.894', 'system', '2026-06-29 21:22:38.894', 'system', b'0', 1, NULL);
INSERT IGNORE INTO `smt_station_in_records` (`Id`, `LotId`, `RouteStepId`, `Round`, `EquipmentId`, `OperatorId`, `StationInTime`, `StationInQuantity`, `Status`, `VerifyRemark`, `CreatedAt`, `CreatedBy`, `UpdatedAt`, `UpdatedBy`, `IsDeleted`, `LastOperationType`, `LastOperationRemark`) VALUES (27, 26, 13, 1, 12, 5, '2026-06-29 21:25:14', 334, 1, NULL, '2026-06-29 21:25:13.662', 'system', '2026-06-29 21:25:13.662', 'system', b'0', 1, NULL);
INSERT IGNORE INTO `smt_station_in_records` (`Id`, `LotId`, `RouteStepId`, `Round`, `EquipmentId`, `OperatorId`, `StationInTime`, `StationInQuantity`, `Status`, `VerifyRemark`, `CreatedAt`, `CreatedBy`, `UpdatedAt`, `UpdatedBy`, `IsDeleted`, `LastOperationType`, `LastOperationRemark`) VALUES (28, 26, 14, 1, 2, 5, '2026-06-29 21:26:03', 433, 1, NULL, '2026-06-29 21:26:02.622', 'system', '2026-06-29 21:26:02.622', 'system', b'0', 1, NULL);
INSERT IGNORE INTO `smt_station_in_records` (`Id`, `LotId`, `RouteStepId`, `Round`, `EquipmentId`, `OperatorId`, `StationInTime`, `StationInQuantity`, `Status`, `VerifyRemark`, `CreatedAt`, `CreatedBy`, `UpdatedAt`, `UpdatedBy`, `IsDeleted`, `LastOperationType`, `LastOperationRemark`) VALUES (29, 26, 15, 1, 12, 5, '2026-06-29 21:26:34', 433, 1, NULL, '2026-06-29 21:26:33.811', 'system', '2026-06-29 21:26:33.811', 'system', b'0', 1, NULL);
INSERT IGNORE INTO `smt_station_in_records` (`Id`, `LotId`, `RouteStepId`, `Round`, `EquipmentId`, `OperatorId`, `StationInTime`, `StationInQuantity`, `Status`, `VerifyRemark`, `CreatedAt`, `CreatedBy`, `UpdatedAt`, `UpdatedBy`, `IsDeleted`, `LastOperationType`, `LastOperationRemark`) VALUES (30, 26, 16, 1, 9, 5, '2026-06-29 21:27:17', 433, 1, NULL, '2026-06-29 21:27:17.422', 'system', '2026-06-29 21:27:17.422', 'system', b'0', 1, NULL);
INSERT IGNORE INTO `smt_station_in_records` (`Id`, `LotId`, `RouteStepId`, `Round`, `EquipmentId`, `OperatorId`, `StationInTime`, `StationInQuantity`, `Status`, `VerifyRemark`, `CreatedAt`, `CreatedBy`, `UpdatedAt`, `UpdatedBy`, `IsDeleted`, `LastOperationType`, `LastOperationRemark`) VALUES (31, 25, 13, 1, 1, 5, '2026-06-29 21:29:12', 433, 1, NULL, '2026-06-29 21:29:11.732', 'system', '2026-06-29 21:29:11.732', 'system', b'0', 1, NULL);
INSERT IGNORE INTO `smt_station_in_records` (`Id`, `LotId`, `RouteStepId`, `Round`, `EquipmentId`, `OperatorId`, `StationInTime`, `StationInQuantity`, `Status`, `VerifyRemark`, `CreatedAt`, `CreatedBy`, `UpdatedAt`, `UpdatedBy`, `IsDeleted`, `LastOperationType`, `LastOperationRemark`) VALUES (32, 25, 14, 1, 3, 10, '2026-06-29 21:31:18', 433, 1, NULL, '2026-06-29 21:31:18.284', 'system', '2026-06-29 21:31:18.284', 'system', b'0', 1, NULL);
INSERT IGNORE INTO `smt_station_in_records` (`Id`, `LotId`, `RouteStepId`, `Round`, `EquipmentId`, `OperatorId`, `StationInTime`, `StationInQuantity`, `Status`, `VerifyRemark`, `CreatedAt`, `CreatedBy`, `UpdatedAt`, `UpdatedBy`, `IsDeleted`, `LastOperationType`, `LastOperationRemark`) VALUES (33, 25, 15, 1, 13, 5, '2026-06-29 21:32:03', 433, 1, NULL, '2026-06-29 21:32:02.722', 'system', '2026-06-29 21:32:02.722', 'system', b'0', 1, NULL);
INSERT IGNORE INTO `smt_station_in_records` (`Id`, `LotId`, `RouteStepId`, `Round`, `EquipmentId`, `OperatorId`, `StationInTime`, `StationInQuantity`, `Status`, `VerifyRemark`, `CreatedAt`, `CreatedBy`, `UpdatedAt`, `UpdatedBy`, `IsDeleted`, `LastOperationType`, `LastOperationRemark`) VALUES (34, 25, 16, 1, 14, 5, '2026-06-29 21:32:34', 433, 1, NULL, '2026-06-29 21:32:33.925', 'system', '2026-06-29 21:32:33.925', 'system', b'0', 1, NULL);
INSERT IGNORE INTO `smt_station_in_records` (`Id`, `LotId`, `RouteStepId`, `Round`, `EquipmentId`, `OperatorId`, `StationInTime`, `StationInQuantity`, `Status`, `VerifyRemark`, `CreatedAt`, `CreatedBy`, `UpdatedAt`, `UpdatedBy`, `IsDeleted`, `LastOperationType`, `LastOperationRemark`) VALUES (35, 25, 17, 1, 12, 5, '2026-06-29 21:32:59', 433, 1, NULL, '2026-06-29 21:32:58.589', 'system', '2026-06-29 21:32:58.589', 'system', b'0', 1, NULL);
INSERT IGNORE INTO `smt_station_in_records` (`Id`, `LotId`, `RouteStepId`, `Round`, `EquipmentId`, `OperatorId`, `StationInTime`, `StationInQuantity`, `Status`, `VerifyRemark`, `CreatedAt`, `CreatedBy`, `UpdatedAt`, `UpdatedBy`, `IsDeleted`, `LastOperationType`, `LastOperationRemark`) VALUES (36, 25, 18, 1, 9, 5, '2026-06-29 21:33:31', 1, 1, NULL, '2026-06-29 21:33:31.292', 'system', '2026-06-29 21:33:31.292', 'system', b'0', 1, NULL);
INSERT IGNORE INTO `smt_station_in_records` (`Id`, `LotId`, `RouteStepId`, `Round`, `EquipmentId`, `OperatorId`, `StationInTime`, `StationInQuantity`, `Status`, `VerifyRemark`, `CreatedAt`, `CreatedBy`, `UpdatedAt`, `UpdatedBy`, `IsDeleted`, `LastOperationType`, `LastOperationRemark`) VALUES (37, 12, 3, 1, 9, 5, '2026-06-29 21:34:28', 434, 1, NULL, '2026-06-29 21:34:28.425', 'system', '2026-06-29 21:34:28.425', 'system', b'0', 1, NULL);
INSERT IGNORE INTO `smt_station_in_records` (`Id`, `LotId`, `RouteStepId`, `Round`, `EquipmentId`, `OperatorId`, `StationInTime`, `StationInQuantity`, `Status`, `VerifyRemark`, `CreatedAt`, `CreatedBy`, `UpdatedAt`, `UpdatedBy`, `IsDeleted`, `LastOperationType`, `LastOperationRemark`) VALUES (38, 12, 4, 1, 13, 5, '2026-06-29 21:34:45', 750, 1, NULL, '2026-06-29 21:34:44.728', 'system', '2026-06-29 21:34:44.728', 'system', b'0', 1, NULL);
INSERT IGNORE INTO `smt_station_in_records` (`Id`, `LotId`, `RouteStepId`, `Round`, `EquipmentId`, `OperatorId`, `StationInTime`, `StationInQuantity`, `Status`, `VerifyRemark`, `CreatedAt`, `CreatedBy`, `UpdatedAt`, `UpdatedBy`, `IsDeleted`, `LastOperationType`, `LastOperationRemark`) VALUES (39, 4, 11, 1, 12, 5, '2026-06-29 21:38:45', 600, 1, NULL, '2026-06-29 21:38:44.917', 'system', '2026-06-29 21:38:44.917', 'system', b'0', 1, NULL);
INSERT IGNORE INTO `smt_station_in_records` (`Id`, `LotId`, `RouteStepId`, `Round`, `EquipmentId`, `OperatorId`, `StationInTime`, `StationInQuantity`, `Status`, `VerifyRemark`, `CreatedAt`, `CreatedBy`, `UpdatedAt`, `UpdatedBy`, `IsDeleted`, `LastOperationType`, `LastOperationRemark`) VALUES (40, 5, 9, 1, 8, 5, '2026-06-29 21:39:03', 400, 1, NULL, '2026-06-29 21:39:02.608', 'system', '2026-06-29 21:39:02.608', 'system', b'0', 1, NULL);
INSERT IGNORE INTO `smt_station_in_records` (`Id`, `LotId`, `RouteStepId`, `Round`, `EquipmentId`, `OperatorId`, `StationInTime`, `StationInQuantity`, `Status`, `VerifyRemark`, `CreatedAt`, `CreatedBy`, `UpdatedAt`, `UpdatedBy`, `IsDeleted`, `LastOperationType`, `LastOperationRemark`) VALUES (41, 5, 10, 1, 8, 5, '2026-06-29 21:39:20', 600, 1, NULL, '2026-06-29 21:39:19.984', 'system', '2026-06-29 21:39:19.984', 'system', b'0', 1, NULL);
INSERT IGNORE INTO `smt_station_in_records` (`Id`, `LotId`, `RouteStepId`, `Round`, `EquipmentId`, `OperatorId`, `StationInTime`, `StationInQuantity`, `Status`, `VerifyRemark`, `CreatedAt`, `CreatedBy`, `UpdatedAt`, `UpdatedBy`, `IsDeleted`, `LastOperationType`, `LastOperationRemark`) VALUES (42, 6, 9, 1, 8, 5, '2026-06-29 21:39:51', 400, 1, NULL, '2026-06-29 21:39:51.401', 'system', '2026-06-29 21:39:51.401', 'system', b'0', 1, NULL);
INSERT IGNORE INTO `smt_station_in_records` (`Id`, `LotId`, `RouteStepId`, `Round`, `EquipmentId`, `OperatorId`, `StationInTime`, `StationInQuantity`, `Status`, `VerifyRemark`, `CreatedAt`, `CreatedBy`, `UpdatedAt`, `UpdatedBy`, `IsDeleted`, `LastOperationType`, `LastOperationRemark`) VALUES (43, 6, 10, 1, 12, 5, '2026-06-29 21:40:04', 600, 1, NULL, '2026-06-29 21:40:03.624', 'system', '2026-06-29 21:40:03.624', 'system', b'0', 1, NULL);
INSERT IGNORE INTO `smt_station_in_records` (`Id`, `LotId`, `RouteStepId`, `Round`, `EquipmentId`, `OperatorId`, `StationInTime`, `StationInQuantity`, `Status`, `VerifyRemark`, `CreatedAt`, `CreatedBy`, `UpdatedAt`, `UpdatedBy`, `IsDeleted`, `LastOperationType`, `LastOperationRemark`) VALUES (44, 11, 2, 1, 9, 5, '2026-06-29 21:42:34', 750, 1, NULL, '2026-06-29 21:42:34.165', 'system', '2026-06-29 21:42:34.165', 'system', b'0', 1, NULL);
INSERT IGNORE INTO `smt_station_in_records` (`Id`, `LotId`, `RouteStepId`, `Round`, `EquipmentId`, `OperatorId`, `StationInTime`, `StationInQuantity`, `Status`, `VerifyRemark`, `CreatedAt`, `CreatedBy`, `UpdatedAt`, `UpdatedBy`, `IsDeleted`, `LastOperationType`, `LastOperationRemark`) VALUES (45, 21, 1, 1, 12, 5, '2026-06-29 21:44:22', 450, 1, NULL, '2026-06-29 21:44:22.356', 'system', '2026-06-29 21:44:22.356', 'system', b'0', 1, NULL);
INSERT IGNORE INTO `smt_station_in_records` (`Id`, `LotId`, `RouteStepId`, `Round`, `EquipmentId`, `OperatorId`, `StationInTime`, `StationInQuantity`, `Status`, `VerifyRemark`, `CreatedAt`, `CreatedBy`, `UpdatedAt`, `UpdatedBy`, `IsDeleted`, `LastOperationType`, `LastOperationRemark`) VALUES (46, 21, 2, 1, 12, 5, '2026-06-29 21:44:40', 334, 1, NULL, '2026-06-29 21:44:39.872', 'system', '2026-06-29 21:44:39.872', 'system', b'0', 1, NULL);
INSERT IGNORE INTO `smt_station_in_records` (`Id`, `LotId`, `RouteStepId`, `Round`, `EquipmentId`, `OperatorId`, `StationInTime`, `StationInQuantity`, `Status`, `VerifyRemark`, `CreatedAt`, `CreatedBy`, `UpdatedAt`, `UpdatedBy`, `IsDeleted`, `LastOperationType`, `LastOperationRemark`) VALUES (47, 22, 3, 1, 9, 5, '2026-06-29 21:54:40', 400, 1, NULL, '2026-06-29 21:54:39.560', 'system', '2026-06-29 21:54:39.560', 'system', b'0', 1, NULL);
INSERT IGNORE INTO `smt_station_in_records` (`Id`, `LotId`, `RouteStepId`, `Round`, `EquipmentId`, `OperatorId`, `StationInTime`, `StationInQuantity`, `Status`, `VerifyRemark`, `CreatedAt`, `CreatedBy`, `UpdatedAt`, `UpdatedBy`, `IsDeleted`, `LastOperationType`, `LastOperationRemark`) VALUES (48, 22, 4, 1, 12, 5, '2026-06-29 21:55:02', 333, 1, NULL, '2026-06-29 21:55:02.437', 'system', '2026-06-29 21:55:02.437', 'system', b'0', 1, NULL);
INSERT IGNORE INTO `smt_station_in_records` (`Id`, `LotId`, `RouteStepId`, `Round`, `EquipmentId`, `OperatorId`, `StationInTime`, `StationInQuantity`, `Status`, `VerifyRemark`, `CreatedAt`, `CreatedBy`, `UpdatedAt`, `UpdatedBy`, `IsDeleted`, `LastOperationType`, `LastOperationRemark`) VALUES (49, 23, 1, 1, 12, 5, '2026-06-29 21:57:16', 333, 1, NULL, '2026-06-29 21:57:15.774', 'system', '2026-06-29 21:57:15.774', 'system', b'0', 1, NULL);
INSERT IGNORE INTO `smt_station_in_records` (`Id`, `LotId`, `RouteStepId`, `Round`, `EquipmentId`, `OperatorId`, `StationInTime`, `StationInQuantity`, `Status`, `VerifyRemark`, `CreatedAt`, `CreatedBy`, `UpdatedAt`, `UpdatedBy`, `IsDeleted`, `LastOperationType`, `LastOperationRemark`) VALUES (50, 23, 2, 1, 12, 5, '2026-06-29 21:57:49', 333, 1, NULL, '2026-06-29 21:57:48.795', 'system', '2026-06-29 21:57:48.795', 'system', b'0', 1, NULL);
INSERT IGNORE INTO `smt_station_in_records` (`Id`, `LotId`, `RouteStepId`, `Round`, `EquipmentId`, `OperatorId`, `StationInTime`, `StationInQuantity`, `Status`, `VerifyRemark`, `CreatedAt`, `CreatedBy`, `UpdatedAt`, `UpdatedBy`, `IsDeleted`, `LastOperationType`, `LastOperationRemark`) VALUES (51, 4, 12, 1, 12, 5, '2026-06-29 22:01:13', 1, 1, NULL, '2026-06-29 22:01:13.209', 'system', '2026-06-29 22:01:13.209', 'system', b'0', 1, NULL);
INSERT IGNORE INTO `smt_station_in_records` (`Id`, `LotId`, `RouteStepId`, `Round`, `EquipmentId`, `OperatorId`, `StationInTime`, `StationInQuantity`, `Status`, `VerifyRemark`, `CreatedAt`, `CreatedBy`, `UpdatedAt`, `UpdatedBy`, `IsDeleted`, `LastOperationType`, `LastOperationRemark`) VALUES (52, 31, 18, 1, 9, 5, '2026-06-29 22:01:27', 334, 1, NULL, '2026-06-29 22:01:26.518', 'system', '2026-06-29 22:01:26.518', 'system', b'0', 1, NULL);
INSERT IGNORE INTO `smt_station_in_records` (`Id`, `LotId`, `RouteStepId`, `Round`, `EquipmentId`, `OperatorId`, `StationInTime`, `StationInQuantity`, `Status`, `VerifyRemark`, `CreatedAt`, `CreatedBy`, `UpdatedAt`, `UpdatedBy`, `IsDeleted`, `LastOperationType`, `LastOperationRemark`) VALUES (53, 24, 15, 1, 12, 5, '2026-06-29 22:07:15', 434, 1, NULL, '2026-06-29 22:07:15.141', 'system', '2026-06-29 22:07:15.141', 'system', b'0', 1, NULL);
INSERT IGNORE INTO `smt_station_in_records` (`Id`, `LotId`, `RouteStepId`, `Round`, `EquipmentId`, `OperatorId`, `StationInTime`, `StationInQuantity`, `Status`, `VerifyRemark`, `CreatedAt`, `CreatedBy`, `UpdatedAt`, `UpdatedBy`, `IsDeleted`, `LastOperationType`, `LastOperationRemark`) VALUES (54, 24, 16, 1, 12, 10, '2026-06-29 22:07:41', 434, 1, NULL, '2026-06-29 22:07:40.951', 'system', '2026-06-29 22:07:40.951', 'system', b'0', 1, NULL);
INSERT IGNORE INTO `smt_station_in_records` (`Id`, `LotId`, `RouteStepId`, `Round`, `EquipmentId`, `OperatorId`, `StationInTime`, `StationInQuantity`, `Status`, `VerifyRemark`, `CreatedAt`, `CreatedBy`, `UpdatedAt`, `UpdatedBy`, `IsDeleted`, `LastOperationType`, `LastOperationRemark`) VALUES (55, 24, 17, 1, 9, 5, '2026-06-29 22:08:10', 434, 1, NULL, '2026-06-29 22:08:09.676', 'system', '2026-06-29 22:08:09.676', 'system', b'0', 1, NULL);
INSERT IGNORE INTO `smt_station_in_records` (`Id`, `LotId`, `RouteStepId`, `Round`, `EquipmentId`, `OperatorId`, `StationInTime`, `StationInQuantity`, `Status`, `VerifyRemark`, `CreatedAt`, `CreatedBy`, `UpdatedAt`, `UpdatedBy`, `IsDeleted`, `LastOperationType`, `LastOperationRemark`) VALUES (56, 24, 18, 1, 9, 5, '2026-06-29 22:08:37', 434, 1, NULL, '2026-06-29 22:08:37.230', 'system', '2026-06-29 22:08:37.230', 'system', b'0', 1, NULL);
INSERT IGNORE INTO `smt_station_in_records` (`Id`, `LotId`, `RouteStepId`, `Round`, `EquipmentId`, `OperatorId`, `StationInTime`, `StationInQuantity`, `Status`, `VerifyRemark`, `CreatedAt`, `CreatedBy`, `UpdatedAt`, `UpdatedBy`, `IsDeleted`, `LastOperationType`, `LastOperationRemark`) VALUES (57, 30, 13, 1, 9, 5, '2026-06-29 22:09:00', 334, 1, NULL, '2026-06-29 22:08:59.864', 'system', '2026-06-29 22:08:59.864', 'system', b'0', 1, NULL);
INSERT IGNORE INTO `smt_station_in_records` (`Id`, `LotId`, `RouteStepId`, `Round`, `EquipmentId`, `OperatorId`, `StationInTime`, `StationInQuantity`, `Status`, `VerifyRemark`, `CreatedAt`, `CreatedBy`, `UpdatedAt`, `UpdatedBy`, `IsDeleted`, `LastOperationType`, `LastOperationRemark`) VALUES (58, 30, 14, 1, 13, 5, '2026-06-29 22:09:29', 334, 1, NULL, '2026-06-29 22:09:28.899', 'system', '2026-06-29 22:09:28.899', 'system', b'0', 1, NULL);
INSERT IGNORE INTO `smt_station_in_records` (`Id`, `LotId`, `RouteStepId`, `Round`, `EquipmentId`, `OperatorId`, `StationInTime`, `StationInQuantity`, `Status`, `VerifyRemark`, `CreatedAt`, `CreatedBy`, `UpdatedAt`, `UpdatedBy`, `IsDeleted`, `LastOperationType`, `LastOperationRemark`) VALUES (59, 30, 15, 1, 12, 5, '2026-06-29 22:09:55', 334, 1, NULL, '2026-06-29 22:09:54.649', 'system', '2026-06-29 22:09:54.649', 'system', b'0', 1, NULL);
INSERT IGNORE INTO `smt_station_in_records` (`Id`, `LotId`, `RouteStepId`, `Round`, `EquipmentId`, `OperatorId`, `StationInTime`, `StationInQuantity`, `Status`, `VerifyRemark`, `CreatedAt`, `CreatedBy`, `UpdatedAt`, `UpdatedBy`, `IsDeleted`, `LastOperationType`, `LastOperationRemark`) VALUES (60, 30, 16, 1, 9, 5, '2026-06-29 22:10:16', 334, 1, NULL, '2026-06-29 22:10:16.449', 'system', '2026-06-29 22:10:16.449', 'system', b'0', 1, NULL);

-- smt_station_out_records (51 rows)
INSERT IGNORE INTO `smt_station_out_records` (`Id`, `LotId`, `RouteStepId`, `Round`, `OperatorId`, `StationOutTime`, `FinishedQuantity`, `DefectQuantity`, `IsNormal`, `DisposalType`, `DisposalRemark`, `SpiPassRate`, `AoiPassRate`, `CreatedAt`, `CreatedBy`, `UpdatedAt`, `UpdatedBy`, `IsDeleted`, `LastOperationType`, `LastOperationRemark`) VALUES (1, 4, 7, 1, 5, '2026-06-29 10:17:38', 1, 0, b'1', NULL, NULL, NULL, NULL, '2026-06-29 10:17:37.703', 'system', '2026-06-29 10:17:37.703', 'system', b'0', 1, '出站操作');
INSERT IGNORE INTO `smt_station_out_records` (`Id`, `LotId`, `RouteStepId`, `Round`, `OperatorId`, `StationOutTime`, `FinishedQuantity`, `DefectQuantity`, `IsNormal`, `DisposalType`, `DisposalRemark`, `SpiPassRate`, `AoiPassRate`, `CreatedAt`, `CreatedBy`, `UpdatedAt`, `UpdatedBy`, `IsDeleted`, `LastOperationType`, `LastOperationRemark`) VALUES (2, 22, 1, 1, 5, '2026-06-29 10:19:06', 333, 0, b'1', NULL, NULL, NULL, NULL, '2026-06-29 10:19:06.478', 'system', '2026-06-29 10:19:06.478', 'system', b'0', 1, '出站操作');
INSERT IGNORE INTO `smt_station_out_records` (`Id`, `LotId`, `RouteStepId`, `Round`, `OperatorId`, `StationOutTime`, `FinishedQuantity`, `DefectQuantity`, `IsNormal`, `DisposalType`, `DisposalRemark`, `SpiPassRate`, `AoiPassRate`, `CreatedAt`, `CreatedBy`, `UpdatedAt`, `UpdatedBy`, `IsDeleted`, `LastOperationType`, `LastOperationRemark`) VALUES (3, 31, 13, 1, 5, '2026-06-29 10:23:07', 333, 0, b'1', NULL, NULL, NULL, NULL, '2026-06-29 10:23:06.761', 'system', '2026-06-29 10:23:06.761', 'system', b'0', 1, '出站操作');
INSERT IGNORE INTO `smt_station_out_records` (`Id`, `LotId`, `RouteStepId`, `Round`, `OperatorId`, `StationOutTime`, `FinishedQuantity`, `DefectQuantity`, `IsNormal`, `DisposalType`, `DisposalRemark`, `SpiPassRate`, `AoiPassRate`, `CreatedAt`, `CreatedBy`, `UpdatedAt`, `UpdatedBy`, `IsDeleted`, `LastOperationType`, `LastOperationRemark`) VALUES (4, 31, 14, 1, 5, '2026-06-29 10:23:51', 1, 0, b'1', NULL, NULL, 100.00, NULL, '2026-06-29 10:23:51.362', 'system', '2026-06-29 10:23:51.362', 'system', b'0', 1, '出站操作');
INSERT IGNORE INTO `smt_station_out_records` (`Id`, `LotId`, `RouteStepId`, `Round`, `OperatorId`, `StationOutTime`, `FinishedQuantity`, `DefectQuantity`, `IsNormal`, `DisposalType`, `DisposalRemark`, `SpiPassRate`, `AoiPassRate`, `CreatedAt`, `CreatedBy`, `UpdatedAt`, `UpdatedBy`, `IsDeleted`, `LastOperationType`, `LastOperationRemark`) VALUES (5, 5, 7, 1, 5, '2026-06-29 10:25:26', 0, 1, b'0', 1, '123', NULL, NULL, '2026-06-29 10:25:26.409', 'system', '2026-06-29 10:25:26.409', 'system', b'0', 1, '出站操作');
INSERT IGNORE INTO `smt_station_out_records` (`Id`, `LotId`, `RouteStepId`, `Round`, `OperatorId`, `StationOutTime`, `FinishedQuantity`, `DefectQuantity`, `IsNormal`, `DisposalType`, `DisposalRemark`, `SpiPassRate`, `AoiPassRate`, `CreatedAt`, `CreatedBy`, `UpdatedAt`, `UpdatedBy`, `IsDeleted`, `LastOperationType`, `LastOperationRemark`) VALUES (6, 31, 15, 1, 5, '2026-06-29 10:39:53', 0, 1, b'0', 1, '', NULL, NULL, '2026-06-29 10:39:52.998', 'system', '2026-06-29 10:39:52.998', 'system', b'0', 1, '出站操作');
INSERT IGNORE INTO `smt_station_out_records` (`Id`, `LotId`, `RouteStepId`, `Round`, `OperatorId`, `StationOutTime`, `FinishedQuantity`, `DefectQuantity`, `IsNormal`, `DisposalType`, `DisposalRemark`, `SpiPassRate`, `AoiPassRate`, `CreatedAt`, `CreatedBy`, `UpdatedAt`, `UpdatedBy`, `IsDeleted`, `LastOperationType`, `LastOperationRemark`) VALUES (7, 24, 13, 1, 5, '2026-06-29 10:40:50', 449, 1, b'0', 2, '1', NULL, NULL, '2026-06-29 10:40:49.620', 'system', '2026-06-29 10:40:49.620', 'system', b'0', 1, '出站操作');
INSERT IGNORE INTO `smt_station_out_records` (`Id`, `LotId`, `RouteStepId`, `Round`, `OperatorId`, `StationOutTime`, `FinishedQuantity`, `DefectQuantity`, `IsNormal`, `DisposalType`, `DisposalRemark`, `SpiPassRate`, `AoiPassRate`, `CreatedAt`, `CreatedBy`, `UpdatedAt`, `UpdatedBy`, `IsDeleted`, `LastOperationType`, `LastOperationRemark`) VALUES (8, 31, 16, 1, 5, '2026-06-29 10:41:16', 1000, 0, b'1', NULL, NULL, NULL, 94.90, '2026-06-29 10:41:15.738', 'system', '2026-06-29 10:41:15.738', 'system', b'0', 1, '出站操作');
INSERT IGNORE INTO `smt_station_out_records` (`Id`, `LotId`, `RouteStepId`, `Round`, `OperatorId`, `StationOutTime`, `FinishedQuantity`, `DefectQuantity`, `IsNormal`, `DisposalType`, `DisposalRemark`, `SpiPassRate`, `AoiPassRate`, `CreatedAt`, `CreatedBy`, `UpdatedAt`, `UpdatedBy`, `IsDeleted`, `LastOperationType`, `LastOperationRemark`) VALUES (9, 31, 17, 1, 5, '2026-06-29 10:41:32', 0, 1, b'0', 1, '', NULL, NULL, '2026-06-29 10:41:32.484', 'system', '2026-06-29 10:41:32.484', 'system', b'0', 1, '出站操作');
INSERT IGNORE INTO `smt_station_out_records` (`Id`, `LotId`, `RouteStepId`, `Round`, `OperatorId`, `StationOutTime`, `FinishedQuantity`, `DefectQuantity`, `IsNormal`, `DisposalType`, `DisposalRemark`, `SpiPassRate`, `AoiPassRate`, `CreatedAt`, `CreatedBy`, `UpdatedAt`, `UpdatedBy`, `IsDeleted`, `LastOperationType`, `LastOperationRemark`) VALUES (10, 6, 7, 1, 5, '2026-06-29 10:51:46', 250, 750, b'0', 3, '123', NULL, NULL, '2026-06-29 10:51:45.784', 'system', '2026-06-29 10:51:45.784', 'system', b'0', 1, '出站操作');
INSERT IGNORE INTO `smt_station_out_records` (`Id`, `LotId`, `RouteStepId`, `Round`, `OperatorId`, `StationOutTime`, `FinishedQuantity`, `DefectQuantity`, `IsNormal`, `DisposalType`, `DisposalRemark`, `SpiPassRate`, `AoiPassRate`, `CreatedAt`, `CreatedBy`, `UpdatedAt`, `UpdatedBy`, `IsDeleted`, `LastOperationType`, `LastOperationRemark`) VALUES (11, 12, 1, 1, 5, '2026-06-29 13:33:48', 251, 199, b'0', 1, '', NULL, NULL, '2026-06-29 13:33:48.204', 'system', '2026-06-29 13:33:48.204', 'system', b'0', 1, '出站操作');
INSERT IGNORE INTO `smt_station_out_records` (`Id`, `LotId`, `RouteStepId`, `Round`, `OperatorId`, `StationOutTime`, `FinishedQuantity`, `DefectQuantity`, `IsNormal`, `DisposalType`, `DisposalRemark`, `SpiPassRate`, `AoiPassRate`, `CreatedAt`, `CreatedBy`, `UpdatedAt`, `UpdatedBy`, `IsDeleted`, `LastOperationType`, `LastOperationRemark`) VALUES (12, 4, 8, 1, 5, '2026-06-29 13:41:28', 250, 0, b'1', NULL, NULL, 100.00, NULL, '2026-06-29 13:41:27.586', 'system', '2026-06-29 13:41:27.586', 'system', b'0', 1, '出站操作');
INSERT IGNORE INTO `smt_station_out_records` (`Id`, `LotId`, `RouteStepId`, `Round`, `OperatorId`, `StationOutTime`, `FinishedQuantity`, `DefectQuantity`, `IsNormal`, `DisposalType`, `DisposalRemark`, `SpiPassRate`, `AoiPassRate`, `CreatedAt`, `CreatedBy`, `UpdatedAt`, `UpdatedBy`, `IsDeleted`, `LastOperationType`, `LastOperationRemark`) VALUES (13, 5, 8, 1, 5, '2026-06-29 13:41:57', 250, 0, b'1', NULL, NULL, 100.00, NULL, '2026-06-29 13:41:57.489', 'system', '2026-06-29 13:41:57.489', 'system', b'0', 1, '出站操作');
INSERT IGNORE INTO `smt_station_out_records` (`Id`, `LotId`, `RouteStepId`, `Round`, `OperatorId`, `StationOutTime`, `FinishedQuantity`, `DefectQuantity`, `IsNormal`, `DisposalType`, `DisposalRemark`, `SpiPassRate`, `AoiPassRate`, `CreatedAt`, `CreatedBy`, `UpdatedAt`, `UpdatedBy`, `IsDeleted`, `LastOperationType`, `LastOperationRemark`) VALUES (14, 7, 16, 1, 5, '2026-06-29 14:27:07', 0, 0, b'1', NULL, NULL, NULL, 100.00, '2026-06-29 14:27:07.222', 'system', '2026-06-29 14:27:07.222', 'system', b'0', 1, '出站操作');
INSERT IGNORE INTO `smt_station_out_records` (`Id`, `LotId`, `RouteStepId`, `Round`, `OperatorId`, `StationOutTime`, `FinishedQuantity`, `DefectQuantity`, `IsNormal`, `DisposalType`, `DisposalRemark`, `SpiPassRate`, `AoiPassRate`, `CreatedAt`, `CreatedBy`, `UpdatedAt`, `UpdatedBy`, `IsDeleted`, `LastOperationType`, `LastOperationRemark`) VALUES (15, 7, 17, 1, 5, '2026-06-29 14:27:47', 600, 0, b'1', NULL, NULL, NULL, NULL, '2026-06-29 14:27:46.673', 'system', '2026-06-29 14:27:46.673', 'system', b'0', 1, '出站操作');
INSERT IGNORE INTO `smt_station_out_records` (`Id`, `LotId`, `RouteStepId`, `Round`, `OperatorId`, `StationOutTime`, `FinishedQuantity`, `DefectQuantity`, `IsNormal`, `DisposalType`, `DisposalRemark`, `SpiPassRate`, `AoiPassRate`, `CreatedAt`, `CreatedBy`, `UpdatedAt`, `UpdatedBy`, `IsDeleted`, `LastOperationType`, `LastOperationRemark`) VALUES (16, 7, 18, 1, 5, '2026-06-29 14:28:05', 1, 0, b'1', NULL, NULL, NULL, NULL, '2026-06-29 14:28:04.573', 'system', '2026-06-29 14:28:04.573', 'system', b'0', 1, '出站操作');
INSERT IGNORE INTO `smt_station_out_records` (`Id`, `LotId`, `RouteStepId`, `Round`, `OperatorId`, `StationOutTime`, `FinishedQuantity`, `DefectQuantity`, `IsNormal`, `DisposalType`, `DisposalRemark`, `SpiPassRate`, `AoiPassRate`, `CreatedAt`, `CreatedBy`, `UpdatedAt`, `UpdatedBy`, `IsDeleted`, `LastOperationType`, `LastOperationRemark`) VALUES (17, 4, 9, 1, 5, '2026-06-29 14:29:13', 1, 0, b'1', NULL, NULL, NULL, NULL, '2026-06-29 14:29:12.545', 'system', '2026-06-29 14:29:12.545', 'system', b'0', 1, '出站操作');
INSERT IGNORE INTO `smt_station_out_records` (`Id`, `LotId`, `RouteStepId`, `Round`, `OperatorId`, `StationOutTime`, `FinishedQuantity`, `DefectQuantity`, `IsNormal`, `DisposalType`, `DisposalRemark`, `SpiPassRate`, `AoiPassRate`, `CreatedAt`, `CreatedBy`, `UpdatedAt`, `UpdatedBy`, `IsDeleted`, `LastOperationType`, `LastOperationRemark`) VALUES (18, 9, 1, 1, 5, '2026-06-29 14:29:32', 300, 300, b'0', 1, '', NULL, NULL, '2026-06-29 14:29:31.783', 'system', '2026-06-29 14:29:31.783', 'system', b'0', 1, '出站操作');
INSERT IGNORE INTO `smt_station_out_records` (`Id`, `LotId`, `RouteStepId`, `Round`, `OperatorId`, `StationOutTime`, `FinishedQuantity`, `DefectQuantity`, `IsNormal`, `DisposalType`, `DisposalRemark`, `SpiPassRate`, `AoiPassRate`, `CreatedAt`, `CreatedBy`, `UpdatedAt`, `UpdatedBy`, `IsDeleted`, `LastOperationType`, `LastOperationRemark`) VALUES (19, 9, 2, 1, 11, '2026-06-29 14:30:07', 0, 0, b'1', NULL, NULL, 60.00, NULL, '2026-06-29 14:30:06.805', 'system', '2026-06-29 14:30:06.805', 'system', b'0', 1, '出站操作');
INSERT IGNORE INTO `smt_station_out_records` (`Id`, `LotId`, `RouteStepId`, `Round`, `OperatorId`, `StationOutTime`, `FinishedQuantity`, `DefectQuantity`, `IsNormal`, `DisposalType`, `DisposalRemark`, `SpiPassRate`, `AoiPassRate`, `CreatedAt`, `CreatedBy`, `UpdatedAt`, `UpdatedBy`, `IsDeleted`, `LastOperationType`, `LastOperationRemark`) VALUES (20, 9, 3, 1, 5, '2026-06-29 14:30:41', 330, 3, b'0', 2, '', NULL, NULL, '2026-06-29 14:30:40.708', 'system', '2026-06-29 14:30:40.708', 'system', b'0', 1, '出站操作');
INSERT IGNORE INTO `smt_station_out_records` (`Id`, `LotId`, `RouteStepId`, `Round`, `OperatorId`, `StationOutTime`, `FinishedQuantity`, `DefectQuantity`, `IsNormal`, `DisposalType`, `DisposalRemark`, `SpiPassRate`, `AoiPassRate`, `CreatedAt`, `CreatedBy`, `UpdatedAt`, `UpdatedBy`, `IsDeleted`, `LastOperationType`, `LastOperationRemark`) VALUES (21, 12, 2, 1, 5, '2026-06-29 14:31:20', 0, 0, b'1', NULL, NULL, 50.00, NULL, '2026-06-29 14:31:19.628', 'system', '2026-06-29 14:31:19.628', 'system', b'0', 1, '出站操作');
INSERT IGNORE INTO `smt_station_out_records` (`Id`, `LotId`, `RouteStepId`, `Round`, `OperatorId`, `StationOutTime`, `FinishedQuantity`, `DefectQuantity`, `IsNormal`, `DisposalType`, `DisposalRemark`, `SpiPassRate`, `AoiPassRate`, `CreatedAt`, `CreatedBy`, `UpdatedAt`, `UpdatedBy`, `IsDeleted`, `LastOperationType`, `LastOperationRemark`) VALUES (22, 9, 4, 1, 5, '2026-06-29 14:31:40', 0, 0, b'1', NULL, NULL, NULL, 50.00, '2026-06-29 14:31:39.900', 'system', '2026-06-29 14:31:39.900', 'system', b'0', 1, '出站操作');
INSERT IGNORE INTO `smt_station_out_records` (`Id`, `LotId`, `RouteStepId`, `Round`, `OperatorId`, `StationOutTime`, `FinishedQuantity`, `DefectQuantity`, `IsNormal`, `DisposalType`, `DisposalRemark`, `SpiPassRate`, `AoiPassRate`, `CreatedAt`, `CreatedBy`, `UpdatedAt`, `UpdatedBy`, `IsDeleted`, `LastOperationType`, `LastOperationRemark`) VALUES (23, 6, 8, 1, 11, '2026-06-29 14:36:21', 0, 0, b'1', NULL, NULL, 50.00, NULL, '2026-06-29 14:36:20.778', 'system', '2026-06-29 14:36:20.778', 'system', b'0', 1, '出站操作');
INSERT IGNORE INTO `smt_station_out_records` (`Id`, `LotId`, `RouteStepId`, `Round`, `OperatorId`, `StationOutTime`, `FinishedQuantity`, `DefectQuantity`, `IsNormal`, `DisposalType`, `DisposalRemark`, `SpiPassRate`, `AoiPassRate`, `CreatedAt`, `CreatedBy`, `UpdatedAt`, `UpdatedBy`, `IsDeleted`, `LastOperationType`, `LastOperationRemark`) VALUES (24, 4, 10, 1, 5, '2026-06-29 14:38:08', 0, 0, b'1', NULL, NULL, NULL, 30.00, '2026-06-29 14:38:07.521', 'system', '2026-06-29 14:38:07.521', 'system', b'0', 1, '出站操作');
INSERT IGNORE INTO `smt_station_out_records` (`Id`, `LotId`, `RouteStepId`, `Round`, `OperatorId`, `StationOutTime`, `FinishedQuantity`, `DefectQuantity`, `IsNormal`, `DisposalType`, `DisposalRemark`, `SpiPassRate`, `AoiPassRate`, `CreatedAt`, `CreatedBy`, `UpdatedAt`, `UpdatedBy`, `IsDeleted`, `LastOperationType`, `LastOperationRemark`) VALUES (25, 22, 2, 1, 12, '2026-06-29 21:22:10', 0, 0, b'0', 3, 'test', 40.00, NULL, '2026-06-29 21:22:10.167', 'system', '2026-06-29 21:22:10.167', 'system', b'0', 1, '出站操作');
INSERT IGNORE INTO `smt_station_out_records` (`Id`, `LotId`, `RouteStepId`, `Round`, `OperatorId`, `StationOutTime`, `FinishedQuantity`, `DefectQuantity`, `IsNormal`, `DisposalType`, `DisposalRemark`, `SpiPassRate`, `AoiPassRate`, `CreatedAt`, `CreatedBy`, `UpdatedAt`, `UpdatedBy`, `IsDeleted`, `LastOperationType`, `LastOperationRemark`) VALUES (26, 24, 14, 1, 10, '2026-06-29 21:23:33', 0, 0, b'0', 3, '12324567', 50.00, NULL, '2026-06-29 21:23:33.153', 'system', '2026-06-29 21:23:33.153', 'system', b'0', 1, '出站操作');
INSERT IGNORE INTO `smt_station_out_records` (`Id`, `LotId`, `RouteStepId`, `Round`, `OperatorId`, `StationOutTime`, `FinishedQuantity`, `DefectQuantity`, `IsNormal`, `DisposalType`, `DisposalRemark`, `SpiPassRate`, `AoiPassRate`, `CreatedAt`, `CreatedBy`, `UpdatedAt`, `UpdatedBy`, `IsDeleted`, `LastOperationType`, `LastOperationRemark`) VALUES (27, 26, 13, 1, 5, '2026-06-29 21:25:43', 328, 6, b'0', 2, NULL, NULL, NULL, '2026-06-29 21:25:43.048', 'system', '2026-06-29 21:25:43.048', 'system', b'0', 1, '出站操作');
INSERT IGNORE INTO `smt_station_out_records` (`Id`, `LotId`, `RouteStepId`, `Round`, `OperatorId`, `StationOutTime`, `FinishedQuantity`, `DefectQuantity`, `IsNormal`, `DisposalType`, `DisposalRemark`, `SpiPassRate`, `AoiPassRate`, `CreatedAt`, `CreatedBy`, `UpdatedAt`, `UpdatedBy`, `IsDeleted`, `LastOperationType`, `LastOperationRemark`) VALUES (28, 26, 14, 1, 5, '2026-06-29 21:26:17', 0, 0, b'0', 3, '1234', 20.00, NULL, '2026-06-29 21:26:16.848', 'system', '2026-06-29 21:26:16.848', 'system', b'0', 1, '出站操作');
INSERT IGNORE INTO `smt_station_out_records` (`Id`, `LotId`, `RouteStepId`, `Round`, `OperatorId`, `StationOutTime`, `FinishedQuantity`, `DefectQuantity`, `IsNormal`, `DisposalType`, `DisposalRemark`, `SpiPassRate`, `AoiPassRate`, `CreatedAt`, `CreatedBy`, `UpdatedAt`, `UpdatedBy`, `IsDeleted`, `LastOperationType`, `LastOperationRemark`) VALUES (29, 26, 15, 1, 5, '2026-06-29 21:26:53', 413, 20, b'0', 3, '1234', NULL, NULL, '2026-06-29 21:26:52.913', 'system', '2026-06-29 21:26:52.913', 'system', b'0', 1, '出站操作');
INSERT IGNORE INTO `smt_station_out_records` (`Id`, `LotId`, `RouteStepId`, `Round`, `OperatorId`, `StationOutTime`, `FinishedQuantity`, `DefectQuantity`, `IsNormal`, `DisposalType`, `DisposalRemark`, `SpiPassRate`, `AoiPassRate`, `CreatedAt`, `CreatedBy`, `UpdatedAt`, `UpdatedBy`, `IsDeleted`, `LastOperationType`, `LastOperationRemark`) VALUES (30, 11, 1, 1, 5, '2026-06-29 21:29:19', 1, 599, b'0', 1, NULL, NULL, NULL, '2026-06-29 21:29:18.558', 'system', '2026-06-29 21:29:18.558', 'system', b'0', 1, '出站操作');
INSERT IGNORE INTO `smt_station_out_records` (`Id`, `LotId`, `RouteStepId`, `Round`, `OperatorId`, `StationOutTime`, `FinishedQuantity`, `DefectQuantity`, `IsNormal`, `DisposalType`, `DisposalRemark`, `SpiPassRate`, `AoiPassRate`, `CreatedAt`, `CreatedBy`, `UpdatedAt`, `UpdatedBy`, `IsDeleted`, `LastOperationType`, `LastOperationRemark`) VALUES (31, 25, 13, 1, 5, '2026-06-29 21:30:27', 433, 0, b'1', NULL, NULL, NULL, NULL, '2026-06-29 21:30:26.677', 'system', '2026-06-29 21:30:26.677', 'system', b'0', 1, '出站操作');
INSERT IGNORE INTO `smt_station_out_records` (`Id`, `LotId`, `RouteStepId`, `Round`, `OperatorId`, `StationOutTime`, `FinishedQuantity`, `DefectQuantity`, `IsNormal`, `DisposalType`, `DisposalRemark`, `SpiPassRate`, `AoiPassRate`, `CreatedAt`, `CreatedBy`, `UpdatedAt`, `UpdatedBy`, `IsDeleted`, `LastOperationType`, `LastOperationRemark`) VALUES (32, 25, 14, 1, 11, '2026-06-29 21:31:37', 0, 0, b'1', NULL, NULL, 100.00, NULL, '2026-06-29 21:31:36.731', 'system', '2026-06-29 21:31:36.731', 'system', b'0', 1, '出站操作');
INSERT IGNORE INTO `smt_station_out_records` (`Id`, `LotId`, `RouteStepId`, `Round`, `OperatorId`, `StationOutTime`, `FinishedQuantity`, `DefectQuantity`, `IsNormal`, `DisposalType`, `DisposalRemark`, `SpiPassRate`, `AoiPassRate`, `CreatedAt`, `CreatedBy`, `UpdatedAt`, `UpdatedBy`, `IsDeleted`, `LastOperationType`, `LastOperationRemark`) VALUES (33, 25, 15, 1, 5, '2026-06-29 21:32:19', 420, 13, b'0', 1, NULL, NULL, NULL, '2026-06-29 21:32:19.081', 'system', '2026-06-29 21:32:19.081', 'system', b'0', 1, '出站操作');
INSERT IGNORE INTO `smt_station_out_records` (`Id`, `LotId`, `RouteStepId`, `Round`, `OperatorId`, `StationOutTime`, `FinishedQuantity`, `DefectQuantity`, `IsNormal`, `DisposalType`, `DisposalRemark`, `SpiPassRate`, `AoiPassRate`, `CreatedAt`, `CreatedBy`, `UpdatedAt`, `UpdatedBy`, `IsDeleted`, `LastOperationType`, `LastOperationRemark`) VALUES (34, 25, 16, 1, 5, '2026-06-29 21:32:45', 0, 0, b'0', 3, '12345', NULL, 30.00, '2026-06-29 21:32:45.160', 'system', '2026-06-29 21:32:45.160', 'system', b'0', 1, '出站操作');
INSERT IGNORE INTO `smt_station_out_records` (`Id`, `LotId`, `RouteStepId`, `Round`, `OperatorId`, `StationOutTime`, `FinishedQuantity`, `DefectQuantity`, `IsNormal`, `DisposalType`, `DisposalRemark`, `SpiPassRate`, `AoiPassRate`, `CreatedAt`, `CreatedBy`, `UpdatedAt`, `UpdatedBy`, `IsDeleted`, `LastOperationType`, `LastOperationRemark`) VALUES (35, 25, 17, 1, 5, '2026-06-29 21:33:18', 400, 33, b'0', 2, '123', NULL, NULL, '2026-06-29 21:33:17.842', 'system', '2026-06-29 21:33:17.842', 'system', b'0', 1, '出站操作');
INSERT IGNORE INTO `smt_station_out_records` (`Id`, `LotId`, `RouteStepId`, `Round`, `OperatorId`, `StationOutTime`, `FinishedQuantity`, `DefectQuantity`, `IsNormal`, `DisposalType`, `DisposalRemark`, `SpiPassRate`, `AoiPassRate`, `CreatedAt`, `CreatedBy`, `UpdatedAt`, `UpdatedBy`, `IsDeleted`, `LastOperationType`, `LastOperationRemark`) VALUES (36, 25, 18, 1, 5, '2026-06-29 21:33:42', 0, 1, b'0', 3, '123', NULL, NULL, '2026-06-29 21:33:42.300', 'system', '2026-06-29 21:33:42.300', 'system', b'0', 1, '出站操作');
INSERT IGNORE INTO `smt_station_out_records` (`Id`, `LotId`, `RouteStepId`, `Round`, `OperatorId`, `StationOutTime`, `FinishedQuantity`, `DefectQuantity`, `IsNormal`, `DisposalType`, `DisposalRemark`, `SpiPassRate`, `AoiPassRate`, `CreatedAt`, `CreatedBy`, `UpdatedAt`, `UpdatedBy`, `IsDeleted`, `LastOperationType`, `LastOperationRemark`) VALUES (37, 12, 3, 1, 5, '2026-06-29 21:34:33', 434, 0, b'1', NULL, NULL, NULL, NULL, '2026-06-29 21:34:32.591', 'system', '2026-06-29 21:34:32.591', 'system', b'0', 1, '出站操作');
INSERT IGNORE INTO `smt_station_out_records` (`Id`, `LotId`, `RouteStepId`, `Round`, `OperatorId`, `StationOutTime`, `FinishedQuantity`, `DefectQuantity`, `IsNormal`, `DisposalType`, `DisposalRemark`, `SpiPassRate`, `AoiPassRate`, `CreatedAt`, `CreatedBy`, `UpdatedAt`, `UpdatedBy`, `IsDeleted`, `LastOperationType`, `LastOperationRemark`) VALUES (38, 4, 11, 1, 5, '2026-06-29 21:38:50', 600, 0, b'1', NULL, NULL, NULL, NULL, '2026-06-29 21:38:49.925', 'system', '2026-06-29 21:38:49.925', 'system', b'0', 1, '出站操作');
INSERT IGNORE INTO `smt_station_out_records` (`Id`, `LotId`, `RouteStepId`, `Round`, `OperatorId`, `StationOutTime`, `FinishedQuantity`, `DefectQuantity`, `IsNormal`, `DisposalType`, `DisposalRemark`, `SpiPassRate`, `AoiPassRate`, `CreatedAt`, `CreatedBy`, `UpdatedAt`, `UpdatedBy`, `IsDeleted`, `LastOperationType`, `LastOperationRemark`) VALUES (39, 5, 9, 1, 5, '2026-06-29 21:39:11', 400, 0, b'1', NULL, NULL, NULL, NULL, '2026-06-29 21:39:10.529', 'system', '2026-06-29 21:39:10.529', 'system', b'0', 1, '出站操作');
INSERT IGNORE INTO `smt_station_out_records` (`Id`, `LotId`, `RouteStepId`, `Round`, `OperatorId`, `StationOutTime`, `FinishedQuantity`, `DefectQuantity`, `IsNormal`, `DisposalType`, `DisposalRemark`, `SpiPassRate`, `AoiPassRate`, `CreatedAt`, `CreatedBy`, `UpdatedAt`, `UpdatedBy`, `IsDeleted`, `LastOperationType`, `LastOperationRemark`) VALUES (40, 6, 9, 1, 5, '2026-06-29 21:39:55', 400, 0, b'1', NULL, NULL, NULL, NULL, '2026-06-29 21:39:55.389', 'system', '2026-06-29 21:39:55.389', 'system', b'0', 1, '出站操作');
INSERT IGNORE INTO `smt_station_out_records` (`Id`, `LotId`, `RouteStepId`, `Round`, `OperatorId`, `StationOutTime`, `FinishedQuantity`, `DefectQuantity`, `IsNormal`, `DisposalType`, `DisposalRemark`, `SpiPassRate`, `AoiPassRate`, `CreatedAt`, `CreatedBy`, `UpdatedAt`, `UpdatedBy`, `IsDeleted`, `LastOperationType`, `LastOperationRemark`) VALUES (41, 21, 1, 1, 5, '2026-06-29 21:44:30', 450, 0, b'1', NULL, NULL, NULL, NULL, '2026-06-29 21:44:29.779', 'system', '2026-06-29 21:44:29.779', 'system', b'0', 1, '出站操作');
INSERT IGNORE INTO `smt_station_out_records` (`Id`, `LotId`, `RouteStepId`, `Round`, `OperatorId`, `StationOutTime`, `FinishedQuantity`, `DefectQuantity`, `IsNormal`, `DisposalType`, `DisposalRemark`, `SpiPassRate`, `AoiPassRate`, `CreatedAt`, `CreatedBy`, `UpdatedAt`, `UpdatedBy`, `IsDeleted`, `LastOperationType`, `LastOperationRemark`) VALUES (42, 22, 3, 1, 5, '2026-06-29 21:54:44', 400, 0, b'1', NULL, NULL, NULL, NULL, '2026-06-29 21:54:44.375', 'system', '2026-06-29 21:54:44.375', 'system', b'0', 1, '出站操作');
INSERT IGNORE INTO `smt_station_out_records` (`Id`, `LotId`, `RouteStepId`, `Round`, `OperatorId`, `StationOutTime`, `FinishedQuantity`, `DefectQuantity`, `IsNormal`, `DisposalType`, `DisposalRemark`, `SpiPassRate`, `AoiPassRate`, `CreatedAt`, `CreatedBy`, `UpdatedAt`, `UpdatedBy`, `IsDeleted`, `LastOperationType`, `LastOperationRemark`) VALUES (43, 23, 1, 1, 5, '2026-06-29 21:57:26', 333, 0, b'1', NULL, NULL, NULL, NULL, '2026-06-29 21:57:26.186', 'system', '2026-06-29 21:57:26.186', 'system', b'0', 1, '出站操作');
INSERT IGNORE INTO `smt_station_out_records` (`Id`, `LotId`, `RouteStepId`, `Round`, `OperatorId`, `StationOutTime`, `FinishedQuantity`, `DefectQuantity`, `IsNormal`, `DisposalType`, `DisposalRemark`, `SpiPassRate`, `AoiPassRate`, `CreatedAt`, `CreatedBy`, `UpdatedAt`, `UpdatedBy`, `IsDeleted`, `LastOperationType`, `LastOperationRemark`) VALUES (44, 4, 12, 1, 5, '2026-06-29 22:01:16', 1, 0, b'1', NULL, NULL, NULL, NULL, '2026-06-29 22:01:16.179', 'system', '2026-06-29 22:01:16.179', 'system', b'0', 1, '出站操作');
INSERT IGNORE INTO `smt_station_out_records` (`Id`, `LotId`, `RouteStepId`, `Round`, `OperatorId`, `StationOutTime`, `FinishedQuantity`, `DefectQuantity`, `IsNormal`, `DisposalType`, `DisposalRemark`, `SpiPassRate`, `AoiPassRate`, `CreatedAt`, `CreatedBy`, `UpdatedAt`, `UpdatedBy`, `IsDeleted`, `LastOperationType`, `LastOperationRemark`) VALUES (45, 24, 15, 1, 11, '2026-06-29 22:07:28', 434, 0, b'1', NULL, NULL, NULL, NULL, '2026-06-29 22:07:27.968', 'system', '2026-06-29 22:07:27.968', 'system', b'0', 1, '出站操作');
INSERT IGNORE INTO `smt_station_out_records` (`Id`, `LotId`, `RouteStepId`, `Round`, `OperatorId`, `StationOutTime`, `FinishedQuantity`, `DefectQuantity`, `IsNormal`, `DisposalType`, `DisposalRemark`, `SpiPassRate`, `AoiPassRate`, `CreatedAt`, `CreatedBy`, `UpdatedAt`, `UpdatedBy`, `IsDeleted`, `LastOperationType`, `LastOperationRemark`) VALUES (46, 24, 16, 1, 10, '2026-06-29 22:07:54', 0, 0, b'1', NULL, NULL, NULL, 100.00, '2026-06-29 22:07:54.217', 'system', '2026-06-29 22:07:54.217', 'system', b'0', 1, '出站操作');
INSERT IGNORE INTO `smt_station_out_records` (`Id`, `LotId`, `RouteStepId`, `Round`, `OperatorId`, `StationOutTime`, `FinishedQuantity`, `DefectQuantity`, `IsNormal`, `DisposalType`, `DisposalRemark`, `SpiPassRate`, `AoiPassRate`, `CreatedAt`, `CreatedBy`, `UpdatedAt`, `UpdatedBy`, `IsDeleted`, `LastOperationType`, `LastOperationRemark`) VALUES (47, 24, 17, 1, 9, '2026-06-29 22:08:21', 429, 5, b'0', 1, '123', NULL, NULL, '2026-06-29 22:08:21.163', 'system', '2026-06-29 22:08:21.163', 'system', b'0', 1, '出站操作');
INSERT IGNORE INTO `smt_station_out_records` (`Id`, `LotId`, `RouteStepId`, `Round`, `OperatorId`, `StationOutTime`, `FinishedQuantity`, `DefectQuantity`, `IsNormal`, `DisposalType`, `DisposalRemark`, `SpiPassRate`, `AoiPassRate`, `CreatedAt`, `CreatedBy`, `UpdatedAt`, `UpdatedBy`, `IsDeleted`, `LastOperationType`, `LastOperationRemark`) VALUES (48, 24, 18, 1, 5, '2026-06-29 22:08:48', 424, 10, b'0', 2, NULL, NULL, NULL, '2026-06-29 22:08:47.918', 'system', '2026-06-29 22:08:47.918', 'system', b'0', 1, '出站操作');
INSERT IGNORE INTO `smt_station_out_records` (`Id`, `LotId`, `RouteStepId`, `Round`, `OperatorId`, `StationOutTime`, `FinishedQuantity`, `DefectQuantity`, `IsNormal`, `DisposalType`, `DisposalRemark`, `SpiPassRate`, `AoiPassRate`, `CreatedAt`, `CreatedBy`, `UpdatedAt`, `UpdatedBy`, `IsDeleted`, `LastOperationType`, `LastOperationRemark`) VALUES (49, 30, 13, 1, 5, '2026-06-29 22:09:20', 314, 20, b'0', 3, '123', NULL, NULL, '2026-06-29 22:09:19.539', 'system', '2026-06-29 22:09:19.539', 'system', b'0', 1, '出站操作');
INSERT IGNORE INTO `smt_station_out_records` (`Id`, `LotId`, `RouteStepId`, `Round`, `OperatorId`, `StationOutTime`, `FinishedQuantity`, `DefectQuantity`, `IsNormal`, `DisposalType`, `DisposalRemark`, `SpiPassRate`, `AoiPassRate`, `CreatedAt`, `CreatedBy`, `UpdatedAt`, `UpdatedBy`, `IsDeleted`, `LastOperationType`, `LastOperationRemark`) VALUES (50, 30, 14, 1, 5, '2026-06-29 22:09:43', 0, 0, b'0', 3, '123', 20.00, NULL, '2026-06-29 22:09:42.952', 'system', '2026-06-29 22:09:42.952', 'system', b'0', 1, '出站操作');
INSERT IGNORE INTO `smt_station_out_records` (`Id`, `LotId`, `RouteStepId`, `Round`, `OperatorId`, `StationOutTime`, `FinishedQuantity`, `DefectQuantity`, `IsNormal`, `DisposalType`, `DisposalRemark`, `SpiPassRate`, `AoiPassRate`, `CreatedAt`, `CreatedBy`, `UpdatedAt`, `UpdatedBy`, `IsDeleted`, `LastOperationType`, `LastOperationRemark`) VALUES (51, 30, 15, 1, 5, '2026-06-29 22:10:06', 324, 10, b'0', 3, '123', NULL, NULL, '2026-06-29 22:10:05.823', 'system', '2026-06-29 22:10:05.823', 'system', b'0', 1, '出站操作');

SET FOREIGN_KEY_CHECKS = 1;

-- Total INSERT IGNORE statements: 492